day;month;year;count;length;weight;stage
8;4;2024;1;60.78;0.225;1
8;4;2024;2;60.53;0.155;1
8;4;2024;3;58.36;0.16;1
8;4;2024;4;60.6;0.17;1
8;4;2024;5;60.6;0.175;1
8;4;2024;6;65.44;0.235;1
8;4;2024;7;62.41;0.2;1
8;4;2024;8;58.69;0.155;1
8;4;2024;9;62.35;0.19;1
8;4;2024;10;64.1;0.23;1
8;4;2024;11;61.01;0.15;1
8;4;2024;12;63.54;0.22;1
8;4;2024;13;63.54;0.205;1
8;4;2024;14;64.06;0.225;1
8;4;2024;15;65.91;0.255;1
8;4;2024;16;64.34;0.23;1
8;4;2024;17;64.68;0.22;1
8;4;2024;18;59.51;0.175;1
8;4;2024;19;63.97;0.225;1
8;4;2024;20;63.97;0.225;1
8;4;2024;21;56.85;0.12;1
8;4;2024;22;66.17;0.25;1
8;4;2024;23;68.28;0.15;1
8;4;2024;24;61.36;0.2;1
8;4;2024;25;65.74;0.2;1
8;4;2024;26;62.44;0.175;1
8;4;2024;27;67.41;0.345;1
8;4;2024;28;62.5;0.225;1
8;4;2024;29;66.73;0.275;1
8;4;2024;30;64.24;0.18;1
8;4;2024;31;61.82;0.195;1
8;4;2024;32;70.93;0.28;1
8;4;2024;33;68.91;0.29;1
8;4;2024;34;65.22;0.205;1
8;4;2024;35;65.41;0.23;1
8;4;2024;36;58.13;0.14;1
8;4;2024;37;59.22;0.135;1
8;4;2024;38;61.83;0.22;1
8;4;2024;39;66.62;0.25;1
8;4;2024;40;64.64;0.225;1
8;4;2024;41;62.52;0.22;1
8;4;2024;42;66.22;0.23;1
8;4;2024;43;64.19;0.185;1
8;4;2024;44;63.91;0.22;1
8;4;2024;45;59.98;0.18;1
8;4;2024;46;63.45;0.245;1
8;4;2024;47;60.1;0.215;1
8;4;2024;48;61.35;0.2;1
8;4;2024;49;65.86;0.225;1
8;4;2024;50;64.5;0.235;1
8;4;2024;51;64.61;0.23;1
8;4;2024;52;66.02;0.21;1
8;4;2024;53;64.01;0.215;1
8;4;2024;54;68.2;0.265;1
8;4;2024;55;62.38;0.205;1
8;4;2024;56;67.54;0.27;1
8;4;2024;57;61.95;0.18;1
8;4;2024;58;59.54;0.16;1
8;4;2024;59;63.45;0.205;1
8;4;2024;60;70.11;0.275;1
8;4;2024;61;66.89;0.22;1
8;4;2024;62;63.97;0.185;1
8;4;2024;63;65.25;0.25;1
8;4;2024;64;67.33;0.22;1
8;4;2024;65;58.97;0.14;1
8;4;2024;66;64.17;0.195;1
8;4;2024;67;61.24;0.18;1
8;4;2024;68;67.92;0.26;1
8;4;2024;69;69.08;0.245;1
8;4;2024;70;60.63;0.17;1
8;4;2024;71;62.45;0.24;1
8;4;2024;72;61.18;0.185;1
8;4;2024;73;64.68;0.23;1
8;4;2024;74;65.09;0.205;1
8;4;2024;75;61.68;0.16;1
8;4;2024;76;68.58;0.26;1
8;4;2024;77;62.38;0.18;1
8;4;2024;78;65.71;0.215;1
8;4;2024;79;64.26;0.205;1
8;4;2024;80;66.72;0.245;1
8;4;2024;81;63.19;0.205;1
8;4;2024;82;64.48;0.195;1
8;4;2024;83;61.88;0.185;1
8;4;2024;84;65.51;0.25;1
8;4;2024;85;56.86;0.14;1
8;4;2024;86;56.28;0.13;1
8;4;2024;87;65.49;0.235;1
8;4;2024;88;60.88;0.16;1
8;4;2024;89;64.19;0.205;1
8;4;2024;90;63.97;0.21;1
8;4;2024;91;65.37;0.26;1
8;4;2024;92;64.02;0.245;1
8;4;2024;93;61.68;0.16;1
8;4;2024;94;60.79;0.2;1
8;4;2024;95;65.64;0.255;1
8;4;2024;96;57.27;0.145;1
8;4;2024;97;68.17;0.27;1
8;4;2024;98;58.1;0.155;1
8;4;2024;99;59.52;0.165;1
8;4;2024;100;61.87;0.18;1
10;4;2024;1;61.92;0.18;1
10;4;2024;2;60.62;0.21;1
10;4;2024;3;69.57;0.285;1
10;4;2024;4;55.87;0.125;1
10;4;2024;5;63.64;0.21;1
10;4;2024;6;65.79;0.255;1
10;4;2024;7;62.89;0.2;1
10;4;2024;8;62.52;0.195;1
10;4;2024;9;59.43;0.17;1
10;4;2024;10;59.57;0.155;1
10;4;2024;11;57.15;0.13;1
10;4;2024;12;65.72;0.26;1
10;4;2024;13;63.72;0.225;1
10;4;2024;14;66.26;0.23;1
10;4;2024;15;63.48;0.215;1
10;4;2024;16;59.88;0.17;1
10;4;2024;17;59.73;0.175;1
10;4;2024;18;67.7;0.255;1
10;4;2024;19;66.93;0.205;1
10;4;2024;20;65.79;0.235;1
10;4;2024;21;63.97;0.19;1
10;4;2024;22;69.46;0.245;1
10;4;2024;23;66.14;0.26;1
10;4;2024;24;60.12;0.175;1
10;4;2024;25;62.76;0.18;1
10;4;2024;26;63.89;0.205;1
10;4;2024;27;61.46;0.23;1
10;4;2024;28;57.9;0.17;1
10;4;2024;29;56.94;0.145;1
10;4;2024;30;63.32;0.215;1
10;4;2024;31;64.35;0.23;1
10;4;2024;32;62.77;0.195;1
10;4;2024;33;60.27;0.215;1
10;4;2024;34;58.05;0.13;1
10;4;2024;35;64.45;0.225;1
10;4;2024;36;62.38;0.175;1
10;4;2024;37;62.72;0.195;1
10;4;2024;38;60.22;0.19;1
10;4;2024;39;59.8;0.175;1
10;4;2024;40;61.86;0.2;1
10;4;2024;41;64.76;0.23;1
10;4;2024;42;63.81;0.205;1
10;4;2024;43;58.25;0.145;1
10;4;2024;44;68.78;0.3;1
10;4;2024;45;65.06;0.215;1
10;4;2024;46;62.85;0.17;1
10;4;2024;47;64.45;0.21;1
10;4;2024;48;66.96;0.25;1
10;4;2024;49;65.75;0.225;1
10;4;2024;50;63.97;0.195;1
10;4;2024;51;59.75;0.165;1
10;4;2024;52;61.96;0.18;1
10;4;2024;53;62.36;0.19;1
10;4;2024;54;59.21;0.17;1
10;4;2024;55;69.13;0.8;1
10;4;2024;56;60.81;0.2;1
10;4;2024;57;58.57;0.135;1
10;4;2024;58;67.11;0.28;1
10;4;2024;59;61.96;0.19;1
10;4;2024;60;57.68;0.14;1
10;4;2024;61;60.79;0.155;1
10;4;2024;62;59.89;0.185;1
10;4;2024;63;64.85;0.24;1
10;4;2024;64;59.03;0.17;1
10;4;2024;65;58.69;0.135;1
10;4;2024;66;62.78;0.22;1
10;4;2024;67;61.83;0.175;1
10;4;2024;68;65.33;0.225;1
10;4;2024;69;63.57;0.21;1
10;4;2024;70;65.83;0.25;1
10;4;2024;71;67.51;0.265;1
10;4;2024;72;61.1;0.175;1
10;4;2024;73;61.59;0.18;1
10;4;2024;74;61.73;0.165;1
10;4;2024;75;56.49;0.145;1
10;4;2024;76;59.43;0.16;1
10;4;2024;77;60.44;0.165;1
10;4;2024;78;62.46;0.225;1
10;4;2024;79;67.99;0.25;1
10;4;2024;80;59.33;0.14;1
10;4;2024;81;67.03;0.22;1
10;4;2024;82;67.12;0.235;1
10;4;2024;83;59.67;0.135;1
10;4;2024;84;62.14;0.21;1
10;4;2024;85;64.28;0.195;1
10;4;2024;86;66.26;0.255;1
10;4;2024;87;63.13;0.185;1
10;4;2024;88;68.41;0.285;1
10;4;2024;89;66.44;0.26;1
10;4;2024;90;60.3;0.13;1
10;4;2024;91;64.64;0.22;1
10;4;2024;92;62.89;0.205;1
10;4;2024;93;63.57;0.2;1
10;4;2024;94;71.71;0.28;1
10;4;2024;95;62.23;0.19;1
10;4;2024;96;58.95;0.155;1
10;4;2024;97;62.76;0.195;1
10;4;2024;98;59.9;0.175;1
10;4;2024;99;64.11;0.225;1
10;4;2024;100;63.38;0.215;1
13;4;2024;1;61.59;0.195;1
13;4;2024;2;63.01;0.205;1
13;4;2024;3;62.55;0.21;1
13;4;2024;4;61.92;0.175;1
13;4;2024;5;67.09;0.265;1
13;4;2024;6;54.81;0.1;1
13;4;2024;7;61.97;0.205;1
13;4;2024;8;62.07;0.2;1
13;4;2024;9;64.87;0.2;1
13;4;2024;10;65.09;0.23;1
13;4;2024;11;69;0.29;1
13;4;2024;12;65.47;0.205;1
13;4;2024;13;57.5;0.16;1
13;4;2024;14;62.4;0.215;1
13;4;2024;15;61.97;0.21;1
13;4;2024;16;58.03;0.175;1
13;4;2024;17;63.76;0.225;1
13;4;2024;18;66.07;0.24;1
13;4;2024;19;70.04;0.3;1
13;4;2024;20;62.5;0.205;1
13;4;2024;21;61.2;0.21;1
13;4;2024;22;61.8;0.195;1
13;4;2024;23;63.2;0.19;1
13;4;2024;24;61.8;0.205;1
13;4;2024;25;57.2;0.11;1
13;4;2024;26;65.4;0.235;1
13;4;2024;27;55.7;0.095;1
13;4;2024;28;59;0.145;1
13;4;2024;29;63.6;0.21;1
13;4;2024;30;69.1;0.26;1
13;4;2024;31;65;0.215;1
13;4;2024;32;67.5;0.235;1
13;4;2024;33;65.5;0.23;1
13;4;2024;34;58.3;0.135;1
13;4;2024;35;56;0.14;1
13;4;2024;36;69.5;0.305;1
13;4;2024;37;56.6;0.135;1
13;4;2024;38;65.4;0.195;1
13;4;2024;39;60.7;0.16;1
13;4;2024;40;60.3;0.23;1
13;4;2024;41;61.3;0.19;1
13;4;2024;42;58.1;0.145;1
13;4;2024;43;63;0.185;1
13;4;2024;44;61.9;0.215;1
13;4;2024;45;61.2;0.19;1
13;4;2024;46;59.2;0.175;1
13;4;2024;47;65;0.24;1
13;4;2024;48;62.7;0.215;1
13;4;2024;49;65.7;0.23;1
13;4;2024;50;63.3;0.22;1
13;4;2024;51;65.5;0.21;1
13;4;2024;52;67.7;0.29;1
13;4;2024;53;63.5;0.18;1
13;4;2024;54;72.1;0.275;1
13;4;2024;55;64.8;0.22;1
13;4;2024;56;65.2;0.22;1
13;4;2024;57;63.6;0.165;1
13;4;2024;58;64.3;0.185;1
13;4;2024;59;67.3;0.215;1
13;4;2024;60;68.8;0.23;1
13;4;2024;61;68.4;0.24;1
13;4;2024;62;61.1;0.18;1
13;4;2024;63;65.2;0.135;1
13;4;2024;64;59.4;0.115;1
13;4;2024;65;62.7;0.195;1
13;4;2024;66;60.9;0.16;1
13;4;2024;67;63.9;0.2;1
13;4;2024;68;65.9;0.205;1
13;4;2024;69;64.2;0.225;1
13;4;2024;70;62.2;0.195;1
13;4;2024;71;65.4;0.22;1
13;4;2024;72;61.9;0.185;1
13;4;2024;73;64.1;0.185;1
13;4;2024;74;60.7;0.155;1
13;4;2024;75;58.2;0.115;1
13;4;2024;76;65.7;0.205;1
13;4;2024;77;63.1;0.23;1
13;4;2024;78;63.6;0.205;1
13;4;2024;79;61;0.195;1
13;4;2024;80;69.8;0.285;1
13;4;2024;81;60.3;0.17;1
13;4;2024;82;59;0.14;1
13;4;2024;83;67;0.25;1
13;4;2024;84;59.2;0.19;1
13;4;2024;85;56.8;0.15;1
13;4;2024;86;66.3;0.31;1
13;4;2024;87;62.9;0.18;1
13;4;2024;88;62.5;0.185;1
13;4;2024;89;64.6;0.22;1
13;4;2024;90;65.5;0.23;1
13;4;2024;91;58.2;0.17;1
13;4;2024;92;67.2;0.185;1
13;4;2024;93;58.7;0.12;1
13;4;2024;94;66.7;0.21;1
13;4;2024;95;62.6;0.22;1
13;4;2024;96;61.9;0.21;1
13;4;2024;97;60.8;0.16;1
13;4;2024;98;66;0.235;1
13;4;2024;99;65.2;0.23;1
13;4;2024;100;64.7;0.22;1
16;4;2024;1;59.33;0.175;1
16;4;2024;2;63.06;0.165;1
16;4;2024;3;65.55;0.265;1
16;4;2024;4;60;0.2;1
16;4;2024;5;59;0.19;1
16;4;2024;6;60.81;0.165;1
16;4;2024;7;55.87;0.105;1
16;4;2024;8;61.96;0.17;1
16;4;2024;9;61.57;0.17;1
16;4;2024;10;58.8;0.145;1
16;4;2024;11;58.88;0.195;1
16;4;2024;12;60.71;0.195;1
16;4;2024;13;60.85;0.175;1
16;4;2024;14;61.61;0.125;1
16;4;2024;15;58.29;0.13;1
16;4;2024;16;57.12;0.125;1
16;4;2024;17;72.76;0.265;1
16;4;2024;18;65.57;0.065;1
16;4;2024;19;61.98;0.145;1
16;4;2024;20;63.98;0.185;1
16;4;2024;21;62.11;0.12;1
16;4;2024;22;59.07;0.115;1
16;4;2024;23;57.66;0.1;1
16;4;2024;24;59.97;0.12;1
16;4;2024;25;65.55;0.18;1
16;4;2024;26;65.96;0.23;1
16;4;2024;27;60.03;0.175;1
16;4;2024;28;63.77;0.205;1
16;4;2024;29;62.69;0.2;1
16;4;2024;30;61.82;0.155;1
16;4;2024;31;63.98;0.205;1
16;4;2024;32;69.29;0.18;1
16;4;2024;33;62.82;0.185;1
16;4;2024;34;66.93;0.22;1
16;4;2024;35;62.74;0.21;1
16;4;2024;36;69.55;0.265;1
16;4;2024;37;61.25;0.155;1
16;4;2024;38;61.35;0.2;1
16;4;2024;39;63.98;0.205;1
16;4;2024;40;67.1;0.26;1
16;4;2024;41;63.09;0.195;1
16;4;2024;42;62.23;0.2;1
16;4;2024;43;58.08;0.145;1
16;4;2024;44;61.44;0.175;1
16;4;2024;45;56.36;0.155;1
16;4;2024;46;63.49;0.2;1
16;4;2024;47;62.35;0.16;1
16;4;2024;48;63.45;0.195;1
16;4;2024;49;56.97;0.115;1
16;4;2024;50;56.61;0.135;1
16;4;2024;51;61.71;0.18;1
16;4;2024;52;61.09;0.17;1
16;4;2024;53;61.88;0.205;1
16;4;2024;54;59.77;0.165;1
16;4;2024;55;60.22;0.15;1
16;4;2024;56;63.31;0.215;1
16;4;2024;57;60.93;0.15;1
16;4;2024;58;65.62;0.265;1
16;4;2024;59;59.89;0.19;1
16;4;2024;60;56.25;0.135;1
16;4;2024;61;64.03;0.235;1
16;4;2024;62;67.75;0.265;1
16;4;2024;63;61.03;0.155;1
16;4;2024;64;62.17;0.165;1
16;4;2024;65;59.01;0.18;1
16;4;2024;66;57.91;0.14;1
16;4;2024;67;60.18;0.21;1
16;4;2024;68;66.15;0.275;1
16;4;2024;69;68.33;0.295;1
16;4;2024;70;66.5;0.25;1
16;4;2024;71;64.64;0.245;1
16;4;2024;72;66.22;0.235;1
16;4;2024;73;65.95;0.225;1
16;4;2024;74;62.33;0.195;1
16;4;2024;75;57.97;0.21;1
16;4;2024;76;66.36;0.25;1
16;4;2024;77;60.69;0.17;1
16;4;2024;78;63.55;0.215;1
16;4;2024;79;69.12;0.315;1
16;4;2024;80;53.38;0.115;1
16;4;2024;81;66.65;0.23;1
16;4;2024;82;64.65;0.22;1
16;4;2024;83;55.96;0.15;1
16;4;2024;84;58.44;0.17;1
16;4;2024;85;66.16;0.205;1
16;4;2024;86;57.33;0.16;1
16;4;2024;87;60.84;0.195;1
16;4;2024;88;63.17;0.195;1
16;4;2024;89;64.67;0.22;1
16;4;2024;90;61.98;0.205;1
16;4;2024;91;65.21;0.255;1
16;4;2024;92;67.47;0.25;1
16;4;2024;93;63.12;0.22;1
16;4;2024;94;64.3;0.215;1
16;4;2024;95;69;0.215;1
16;4;2024;96;56.19;0.09;1
16;4;2024;97;63.93;0.205;1
16;4;2024;98;65.87;0.23;1
16;4;2024;99;65.71;0.27;1
16;4;2024;100;69.25;0.23;1
17;4;2024;1;65.5;0.215;1
17;4;2024;2;66.2;0.23;1
17;4;2024;3;60.3;0.175;1
17;4;2024;4;59.5;0.135;1
17;4;2024;5;62.5;0.19;1
17;4;2024;6;62.5;0.24;1
17;4;2024;7;63.3;0.2;1
17;4;2024;8;61.4;0.18;1
17;4;2024;9;59.7;0.195;1
17;4;2024;10;61.8;0.27;1
17;4;2024;11;69.2;0.265;1
17;4;2024;12;59.4;0.185;1
17;4;2024;13;64.8;0.19;1
17;4;2024;14;64.8;0.225;1
17;4;2024;15;62.2;0.18;1
17;4;2024;16;61.4;0.18;1
17;4;2024;17;62;0.205;1
17;4;2024;18;56.5;0.135;1
17;4;2024;19;59.9;0.19;1
17;4;2024;20;57.9;0.175;1
17;4;2024;21;64;0.185;1
17;4;2024;22;56.3;0.125;1
17;4;2024;23;64.9;0.23;1
17;4;2024;24;65.4;0.19;1
17;4;2024;25;63.9;0.19;1
17;4;2024;26;55.8;0.145;1
17;4;2024;27;54.6;0.135;1
17;4;2024;28;55.2;0.1;1
17;4;2024;29;64.7;0.185;1
17;4;2024;30;62.8;0.195;1
17;4;2024;31;61.6;0.21;1
17;4;2024;32;66.9;0.265;1
17;4;2024;33;65;0.225;1
17;4;2024;34;61.5;0.16;1
17;4;2024;35;64.9;0.23;1
17;4;2024;36;67.3;0.23;1
17;4;2024;37;63.6;0.16;1
17;4;2024;38;57;0.135;1
17;4;2024;39;60.8;0.145;1
17;4;2024;40;63.8;0.21;1
17;4;2024;41;59.9;0.15;1
17;4;2024;42;60;0.155;1
17;4;2024;43;62.6;0.17;1
17;4;2024;44;63.5;0.195;1
17;4;2024;45;61.5;0.165;1
17;4;2024;46;63.9;0.225;1
17;4;2024;47;57.2;0.125;1
17;4;2024;48;61.7;0.19;1
17;4;2024;49;63.9;0.24;1
17;4;2024;50;61.2;0.17;1
17;4;2024;51;67.6;0.135;1
17;4;2024;52;63.1;0.15;1
17;4;2024;53;61.2;0.18;1
17;4;2024;54;64.7;0.175;1
17;4;2024;55;63.7;0.135;1
17;4;2024;56;57.6;0.21;1
17;4;2024;57;64.4;0.19;1
17;4;2024;58;69;0.14;1
17;4;2024;59;59.9;0.245;1
17;4;2024;60;66.9;0.15;1
17;4;2024;61;61.4;0.27;1
17;4;2024;62;67.5;0.19;1
17;4;2024;63;61.9;0.135;1
17;4;2024;64;56.3;0.19;1
17;4;2024;65;63.8;0.175;1
17;4;2024;66;61.6;0.175;1
17;4;2024;67;61.2;0.165;1
17;4;2024;68;63.1;0.13;1
17;4;2024;69;59.1;0.18;1
17;4;2024;70;63.8;0.16;1
17;4;2024;71;60.9;0.195;1
17;4;2024;72;61.4;0.125;1
17;4;2024;73;55.6;0.255;1
17;4;2024;74;69.4;0.245;1
17;4;2024;75;63.4;0.18;1
17;4;2024;76;68.8;0.26;1
17;4;2024;77;57.9;0.16;1
17;4;2024;78;58.3;0.135;1
17;4;2024;79;53.9;0.09;1
17;4;2024;80;67.2;0.25;1
17;4;2024;81;64.8;0.225;1
17;4;2024;82;63.5;0.16;1
17;4;2024;83;61.4;0.165;1
17;4;2024;84;60.7;0.195;1
17;4;2024;85;68.2;0.255;1
17;4;2024;86;65.9;0.21;1
17;4;2024;87;58.3;0.13;1
17;4;2024;88;6.9;0.145;1
17;4;2024;89;63.1;0.18;1
17;4;2024;90;67.4;0.225;1
17;4;2024;91;58.7;0.125;1
17;4;2024;92;69.3;0.23;1
17;4;2024;93;63.9;0.195;1
17;4;2024;94;65.9;0.185;1
17;4;2024;95;67.6;0.205;1
17;4;2024;96;71.2;0.255;1
17;4;2024;97;66.7;0.215;1
17;4;2024;98;65.7;0.23;1
17;4;2024;99;63.8;0.21;1
17;4;2024;100;60;0.15;1
19;4;2024;1;63.4;0.215;No
19;4;2024;2;54.8;0.13;No
19;4;2024;3;55.5;0.085;No
19;4;2024;4;64.9;0.185;No
19;4;2024;5;65.3;0.255;No
19;4;2024;6;65.3;0.29;No
19;4;2024;7;64.4;0.2;No
19;4;2024;8;60.7;0.195;No
19;4;2024;9;59.1;0.135;No
19;4;2024;10;53.6;0.115;No
19;4;2024;11;53.8;0.105;No
19;4;2024;12;56.9;0.145;No
19;4;2024;13;57.8;0.185;No
19;4;2024;14;64.1;0.185;No
19;4;2024;15;57.7;0.125;No
19;4;2024;16;63;0.21;No
19;4;2024;17;61.5;0.19;No
19;4;2024;18;61.5;0.185;No
19;4;2024;19;64.2;0.205;No
19;4;2024;20;59.8;0.175;No
19;4;2024;21;65.1;0.235;No
19;4;2024;22;57.9;0.17;No
19;4;2024;23;63.4;0.205;No
19;4;2024;24;53.6;0.11;No
19;4;2024;25;58.2;0.145;No
19;4;2024;26;62.4;0.185;No
19;4;2024;27;62.5;0.215;No
19;4;2024;28;64.3;0.185;No
19;4;2024;29;64.1;0.21;No
19;4;2024;30;60.4;0.175;No
19;4;2024;31;62.7;0.21;No
19;4;2024;32;62.7;0.195;No
19;4;2024;33;60.9;0.18;No
19;4;2024;34;65.7;0.22;No
19;4;2024;35;64.4;0.18;No
19;4;2024;36;60.4;0.165;No
19;4;2024;37;63.4;0.23;No
19;4;2024;38;61.7;0.195;No
19;4;2024;39;62.9;0.225;No
19;4;2024;40;62.9;0.19;No
19;4;2024;41;62.9;0.205;No
19;4;2024;42;62.3;0.18;No
19;4;2024;43;65.4;0.2;No
19;4;2024;44;64.5;0.235;No
19;4;2024;45;64.5;0.205;No
19;4;2024;46;60.3;0.155;No
19;4;2024;47;70.4;0.32;No
19;4;2024;48;69.7;0.295;No
19;4;2024;49;74.4;0.35;No
19;4;2024;50;66.8;0.23;No
19;4;2024;51;59.1;0.13;No
19;4;2024;52;63.1;0.2;No
19;4;2024;53;59.4;0.145;No
19;4;2024;54;65.7;0.21;No
19;4;2024;55;55.9;0.135;No
19;4;2024;56;60.5;0.18;No
19;4;2024;57;63;0.205;No
19;4;2024;58;56.3;0.15;No
19;4;2024;59;59.2;0.16;No
19;4;2024;60;65.9;0.245;No
19;4;2024;61;63.4;0.23;No
19;4;2024;62;55.5;0.105;No
19;4;2024;63;64.8;0.215;No
19;4;2024;64;55.9;0.11;No
19;4;2024;65;63.1;0.16;No
19;4;2024;66;56.8;0.135;No
19;4;2024;67;65.1;0.185;No
19;4;2024;68;63.3;0.14;No
19;4;2024;69;60.5;0.15;No
19;4;2024;70;62.8;0.21;No
19;4;2024;71;62.8;0.22;No
19;4;2024;72;71.2;0.27;No
19;4;2024;73;67.3;0.235;No
19;4;2024;74;65;0.245;No
19;4;2024;75;61.9;0.19;No
19;4;2024;76;63.8;0.245;No
19;4;2024;77;57.9;0.165;No
19;4;2024;78;57.3;0.145;No
19;4;2024;79;63.2;0.205;No
19;4;2024;80;66.2;0.21;No
19;4;2024;81;63.9;0.215;No
19;4;2024;82;63.8;0.22;No
19;4;2024;83;61.3;0.19;No
19;4;2024;84;60.6;0.135;No
19;4;2024;85;61.9;0.17;No
19;4;2024;86;63.1;0.2;No
19;4;2024;87;66;0.255;No
19;4;2024;88;66;0.21;No
19;4;2024;89;66;0.25;No
19;4;2024;90;67.2;0.225;No
19;4;2024;91;63.2;0.195;No
19;4;2024;92;65.3;0.23;No
19;4;2024;93;65.1;0.245;No
19;4;2024;94;62.6;0.215;No
19;4;2024;95;61.5;0.165;No
19;4;2024;96;60.8;0.18;No
19;4;2024;97;58.8;0.16;No
19;4;2024;98;67.8;0.245;No
19;4;2024;99;58.1;0.19;No
19;4;2024;100;66.7;0.255;No
22;4;2024;1;61.4;0.18;No
22;4;2024;2;61.5;0.17;No
22;4;2024;3;59.4;0.175;No
22;4;2024;4;59.6;0.185;No
22;4;2024;5;61.4;0.18;No
22;4;2024;6;66;0.21;No
22;4;2024;7;68.7;0.245;No
22;4;2024;8;64.9;0.215;No
22;4;2024;9;67.2;0.235;No
22;4;2024;10;65.5;0.23;No
22;4;2024;11;64.7;0.205;No
22;4;2024;12;61.6;0.185;No
22;4;2024;13;59.2;0.155;No
22;4;2024;14;67.1;0.24;No
22;4;2024;15;64.5;0.19;No
22;4;2024;16;62;0.185;No
22;4;2024;17;57.4;0.12;No
22;4;2024;18;58.8;0.16;No
22;4;2024;19;64.9;0.215;No
22;4;2024;20;62.4;0.19;No
22;4;2024;21;66.8;0.215;No
22;4;2024;22;60.9;0.17;No
22;4;2024;23;60.5;0.15;No
22;4;2024;24;60.5;0.145;No
22;4;2024;25;60.4;0.195;No
22;4;2024;26;59.4;0.135;No
22;4;2024;27;68.8;0.26;No
22;4;2024;28;64.9;0.19;No
22;4;2024;29;61.2;0.155;No
22;4;2024;30;63.6;0.22;No
22;4;2024;31;66.9;0.26;No
22;4;2024;32;70;0.255;No
22;4;2024;33;62.2;0.185;No
22;4;2024;34;63.1;0.175;No
22;4;2024;35;62;0.19;No
22;4;2024;36;60.4;0.145;No
22;4;2024;37;62.7;0.2;No
22;4;2024;38;64.3;0.215;No
22;4;2024;39;64.7;0.215;No
22;4;2024;40;60.7;0.185;No
22;4;2024;41;59.1;0.14;No
22;4;2024;42;61.8;0.175;No
22;4;2024;43;62.5;0.21;No
22;4;2024;44;63.5;0.19;No
22;4;2024;45;68.2;0.255;No
22;4;2024;46;64.4;0.205;No
22;4;2024;47;64.9;0.23;No
22;4;2024;48;65.2;0.205;No
22;4;2024;49;66.4;0.195;No
22;4;2024;50;64.4;0.185;No
22;4;2024;51;56.8;0.13;No
22;4;2024;52;65.7;0.185;No
22;4;2024;53;60.4;0.165;No
22;4;2024;54;62.5;0.185;No
22;4;2024;55;69.6;0.3;No
22;4;2024;56;67;0.23;No
22;4;2024;57;66.3;0.225;No
22;4;2024;58;62.5;0.17;No
22;4;2024;59;61.3;0.165;No
22;4;2024;60;62.8;0.18;No
22;4;2024;61;65.4;0.225;No
22;4;2024;62;63.6;0.175;No
22;4;2024;63;67.5;0.235;No
22;4;2024;64;64.1;0.22;No
22;4;2024;65;58.5;0.15;No
22;4;2024;66;60;0.17;No
22;4;2024;67;60.5;0.195;No
22;4;2024;68;60.5;0.17;No
22;4;2024;69;64.9;0.21;No
22;4;2024;70;54.6;0.115;No
22;4;2024;71;61.2;0.18;No
22;4;2024;72;66.1;0.275;No
22;4;2024;73;61;0.185;No
22;4;2024;74;61;0.18;No
22;4;2024;75;56.3;0.15;No
22;4;2024;76;60.4;0.17;No
22;4;2024;77;62.7;0.205;No
22;4;2024;78;71.7;0.28;No
22;4;2024;79;66.2;0.19;No
22;4;2024;80;63.6;0.21;No
22;4;2024;81;58.1;0.16;No
22;4;2024;82;61;0.18;No
22;4;2024;83;59.6;0.15;No
22;4;2024;84;58.3;0.16;No
22;4;2024;85;60.1;0.155;No
22;4;2024;86;63.9;0.23;No
22;4;2024;87;60.3;0.165;No
22;4;2024;88;64.1;0.22;No
22;4;2024;89;64.1;0.18;No
22;4;2024;90;58.9;0.14;No
22;4;2024;91;59.4;0.155;No
22;4;2024;92;59.4;0.15;No
22;4;2024;93;59.4;0.19;No
22;4;2024;94;56.3;0.105;No
22;4;2024;95;63.6;0.165;No
22;4;2024;96;60.7;0.175;No
22;4;2024;97;52.3;0.1;No
22;4;2024;98;59.4;0.17;No
22;4;2024;99;54.3;0.11;No
22;4;2024;100;67.1;0.23;No
24;4;2024;1;63.18;0.155;1
24;4;2024;2;59.57;0.15;1
24;4;2024;3;64.6;0.22;1
24;4;2024;4;66.46;0.2;1
24;4;2024;5;60.75;0.17;1
24;4;2024;6;59.02;0.14;1
24;4;2024;7;66.41;0.23;1
24;4;2024;8;57.91;0.14;1
24;4;2024;9;66.53;0.2;1
24;4;2024;10;62.97;0.17;1
24;4;2024;11;61.14;0.17;1
24;4;2024;12;71.34;0.27;1
24;4;2024;13;66.48;0.255;1
24;4;2024;14;65.65;0.235;1
24;4;2024;15;63.47;0.2;1
24;4;2024;16;51.73;0.095;1
24;4;2024;17;65.67;0.21;1
24;4;2024;18;68.53;0.195;1
24;4;2024;19;60.07;0.175;1
24;4;2024;20;62.5;0.205;1
24;4;2024;21;59.93;0.165;1
24;4;2024;22;60.09;0.135;1
24;4;2024;23;62.84;0.21;1
24;4;2024;24;63.47;0.175;1
24;4;2024;25;59.06;0.135;1
24;4;2024;26;67.74;0.23;1
24;4;2024;27;58.03;0.13;1
24;4;2024;28;63.36;0.185;1
24;4;2024;29;65.27;0.22;1
24;4;2024;30;56.3;0.14;1
24;4;2024;31;63.57;0.18;1
24;4;2024;32;58.98;0.13;1
24;4;2024;33;60.95;0.175;1
24;4;2024;34;59.08;0.16;1
24;4;2024;35;61.48;0.175;1
24;4;2024;36;65.6;0.205;1
24;4;2024;37;57.91;0.145;1
24;4;2024;38;53.34;0.085;1
24;4;2024;39;59.36;0.155;1
24;4;2024;40;71.1;0.255;1
24;4;2024;41;57.05;0.12;1
24;4;2024;42;65.61;0.205;1
24;4;2024;43;62.28;0.18;1
24;4;2024;44;61.82;0.145;1
24;4;2024;45;61.43;0.195;1
24;4;2024;46;60.34;0.125;1
24;4;2024;47;66.32;0.21;1
24;4;2024;48;60.2;0.145;1
24;4;2024;49;62.48;0.185;1
24;4;2024;50;63.6;0.18;1
24;4;2024;51;58.04;0.16;1
24;4;2024;52;60.25;0.16;1
24;4;2024;53;68;0.245;1
24;4;2024;54;56.52;0.13;1
24;4;2024;55;70.26;0.295;1
24;4;2024;56;65.69;0.185;1
24;4;2024;57;60.21;0.185;1
24;4;2024;58;61.55;0.165;1
24;4;2024;59;62.76;0.185;1
24;4;2024;60;61.36;0.195;1
24;4;2024;61;63.91;0.21;1
24;4;2024;62;61.4;0.175;1
24;4;2024;63;66.26;0.215;1
24;4;2024;64;56.08;0.125;1
24;4;2024;65;66.12;0.215;1
24;4;2024;66;56.31;0.115;1
24;4;2024;67;61;0.185;1
24;4;2024;68;63.5;0.2;1
24;4;2024;69;64.72;0.175;1
24;4;2024;70;63.42;0.185;1
24;4;2024;71;64.57;0.21;1
24;4;2024;72;56.93;0.135;1
24;4;2024;73;63.34;0.19;1
24;4;2024;74;63.32;0.185;1
24;4;2024;75;60.71;0.16;1
24;4;2024;76;65.46;0.245;1
24;4;2024;77;62.75;0.185;1
24;4;2024;78;67.9;0.255;1
24;4;2024;79;63.53;0.18;1
24;4;2024;80;65.28;0.185;1
24;4;2024;81;65.26;0.19;1
24;4;2024;82;62.21;0.18;1
24;4;2024;83;58.55;0.165;1
24;4;2024;84;57.84;0.15;1
24;4;2024;85;64.84;0.21;1
24;4;2024;86;59.97;0.165;1
24;4;2024;87;69.45;0.265;1
24;4;2024;88;65.37;0.22;1
24;4;2024;89;63.14;0.195;1
24;4;2024;90;59.4;0.175;1
24;4;2024;91;63.2;0.17;1
24;4;2024;92;58.83;0.155;1
24;4;2024;93;65.69;0.225;1
24;4;2024;94;61.74;0.2;1
24;4;2024;95;59.23;0.16;1
24;4;2024;96;69.92;0.265;1
24;4;2024;97;62.34;0.185;1
24;4;2024;98;67.68;0.25;1
24;4;2024;99;71.73;0.305;1
24;4;2024;100;62.39;0.19;1
30;4;2024;1;66.33;0.27;No
30;4;2024;2;64.26;0.245;No
30;4;2024;3;62.25;0.175;No
30;4;2024;4;63.09;0.205;No
30;4;2024;5;60.62;0.19;No
30;4;2024;6;61.15;0.18;No
30;4;2024;7;62.38;0.195;No
30;4;2024;8;65.51;0.185;No
30;4;2024;9;68.97;0.29;No
30;4;2024;10;60.27;0.16;No
30;4;2024;11;64.53;0.235;No
30;4;2024;12;62.62;0.18;No
30;4;2024;13;58.34;0.15;No
30;4;2024;14;61.01;0.205;No
30;4;2024;15;63.78;0.23;No
30;4;2024;16;61.68;0.17;No
30;4;2024;17;62.36;0.205;No
30;4;2024;18;64.71;0.19;No
30;4;2024;19;63.4;0.21;No
30;4;2024;20;62.24;0.19;No
30;4;2024;21;67.37;0.245;No
30;4;2024;22;64.82;0.235;No
30;4;2024;23;61.77;0.205;No
30;4;2024;24;63.29;0.19;No
30;4;2024;25;64.7;0.185;No
30;4;2024;26;55.61;0.14;No
30;4;2024;27;54.06;0.175;No
30;4;2024;28;61.7;0.19;No
30;4;2024;29;67.27;0.225;No
30;4;2024;30;57.48;0.135;No
30;4;2024;31;58.3;0.16;No
30;4;2024;32;62.71;0.205;No
30;4;2024;33;66.92;0.24;No
30;4;2024;34;66.59;0.27;No
30;4;2024;35;62.38;0.205;No
30;4;2024;36;64.09;0.15;No
30;4;2024;37;62.36;0.17;No
30;4;2024;38;67.06;0.25;No
30;4;2024;39;58.08;0.165;No
30;4;2024;40;58.37;0.165;No
30;4;2024;41;57.89;0.125;No
30;4;2024;42;64.85;0.22;No
30;4;2024;43;56.52;0.13;No
30;4;2024;44;60.22;0.215;No
30;4;2024;45;62.68;0.195;No
30;4;2024;46;66.69;0.265;No
30;4;2024;47;59.88;0.16;No
30;4;2024;48;66.19;0.22;No
30;4;2024;49;58.04;0.11;No
30;4;2024;50;57.41;0.185;No
30;4;2024;51;64.69;0.205;No
30;4;2024;52;59.09;0.155;No
30;4;2024;53;61.42;0.19;No
30;4;2024;54;66.47;0.275;No
30;4;2024;55;66.29;0.22;No
30;4;2024;56;61.98;0.165;No
30;4;2024;57;72.2;0.3;No
30;4;2024;58;69.15;0.22;No
30;4;2024;59;68;0.265;No
30;4;2024;60;57.21;0.14;No
30;4;2024;61;65.11;0.24;No
30;4;2024;62;62.51;0.175;No
30;4;2024;63;61.13;0.175;No
30;4;2024;64;66.62;0.205;No
30;4;2024;65;60.24;0.15;No
30;4;2024;66;63.99;0.25;No
30;4;2024;67;61.86;0.16;No
30;4;2024;68;66.31;0.24;No
30;4;2024;69;70.12;0.34;No
30;4;2024;70;63.93;0.155;No
30;4;2024;71;68.45;0.25;No
30;4;2024;72;57.85;0.11;No
30;4;2024;73;62.19;0.18;No
30;4;2024;74;63.2;0.2;No
30;4;2024;75;60.26;0.14;No
30;4;2024;76;61.93;0.18;No
30;4;2024;77;57.03;0.145;No
30;4;2024;78;62.07;0.21;No
30;4;2024;79;59.68;0.18;No
30;4;2024;80;66.17;0.23;No
30;4;2024;81;60.07;0.155;No
30;4;2024;82;57.39;0.145;No
30;4;2024;83;60.43;0.16;No
30;4;2024;84;58.24;0.175;No
30;4;2024;85;59.87;0.17;No
30;4;2024;86;68.93;0.275;No
30;4;2024;87;66.9;0.2;No
30;4;2024;88;64.75;0.215;No
30;4;2024;89;57.3;0.16;No
30;4;2024;90;60.98;0.15;No
30;4;2024;91;64.52;0.22;No
30;4;2024;92;59.25;0.15;No
30;4;2024;93;60.54;0.165;No
30;4;2024;94;66.06;0.255;No
30;4;2024;95;61.11;0.15;No
30;4;2024;96;66.09;0.23;No
30;4;2024;97;55.22;0.125;No
30;4;2024;98;65.93;0.205;No
30;4;2024;99;61.11;0.155;No
30;4;2024;100;56.68;0.145;No
30;4;2024;*See note off to the side of scans near number 87;59.65;0.175;No
30;4;2024;;67.37;0.245;No
30;4;2024;;54.49;0.14;No
1;5;2024;1;66.98;0.21;1
1;5;2024;2;64.94;0.185;1
1;5;2024;3;61.26;0.185;1
1;5;2024;4;60.12;0.16;1
1;5;2024;5;60.12;0.19;1
1;5;2024;6;56.46;0.15;1
1;5;2024;7;63.9;0.22;1
1;5;2024;8;52.99;0.115;1
1;5;2024;9;65.66;0.18;1
1;5;2024;10;58.57;0.145;1
1;5;2024;11;65.34;0.195;1
1;5;2024;12;62.83;0.175;1
1;5;2024;13;71.23;0.29;1
1;5;2024;14;63.18;0.185;1
1;5;2024;15;63.93;0.22;1
1;5;2024;16;62.39;0.175;1
1;5;2024;17;62.39;0.185;1
1;5;2024;18;60.55;0.195;1
1;5;2024;19;61.99;0.195;1
1;5;2024;20;63.57;0.185;1
1;5;2024;21;63.57;0.22;1
1;5;2024;22;72.67;0.285;1
1;5;2024;23;64.05;0.21;1
1;5;2024;24;63.54;0.215;1
1;5;2024;25;65.88;0.235;1
1;5;2024;26;65.4;0.195;1
1;5;2024;27;65.07;0.25;1
1;5;2024;28;67.28;0.245;1
1;5;2024;29;63.07;0.175;1
1;5;2024;30;60.1;0.165;1
1;5;2024;31;60.45;0.195;1
1;5;2024;32;59.9;0.165;1
1;5;2024;33;56.08;0.145;1
1;5;2024;34;55.03;0.13;1
1;5;2024;35;67.32;0.24;1
1;5;2024;36;51.91;0.12;1
1;5;2024;37;56.8;0.14;1
1;5;2024;38;62.87;0.185;1
1;5;2024;39;56.76;0.145;1
1;5;2024;40;58.53;0.16;1
1;5;2024;41;58.47;0.18;1
1;5;2024;42;61.68;0.19;1
1;5;2024;43;61.72;0.215;1
1;5;2024;44;62.67;0.18;1
1;5;2024;45;65.92;0.215;1
1;5;2024;46;63.02;0.15;1
1;5;2024;47;61.08;0.165;1
1;5;2024;48;64.44;0.235;1
1;5;2024;49;51.65;0.115;1
1;5;2024;50;65.19;0.215;1
1;5;2024;51;61.44;0.18;1
1;5;2024;52;62.15;0.175;1
1;5;2024;53;71.84;0.36;1
1;5;2024;54;61.26;0.16;1
1;5;2024;55;62.47;0.185;1
1;5;2024;56;62.85;0.23;1
1;5;2024;57;66.51;0.245;1
1;5;2024;58;59.06;0.16;1
1;5;2024;59;64.06;0.2;1
1;5;2024;60;59.58;0.15;1
1;5;2024;61;61.62;0.18;1
1;5;2024;62;62.19;0.165;1
1;5;2024;63;60.24;0.175;1
1;5;2024;64;63.74;0.205;1
1;5;2024;65;56.72;0.14;1
1;5;2024;66;59.48;0.175;1
1;5;2024;67;63.94;0.215;1
1;5;2024;68;66.81;0.235;1
1;5;2024;69;61.54;0.21;1
1;5;2024;70;68.7;0.29;1
1;5;2024;71;68.7;0.285;1
1;5;2024;72;59.37;0.16;1
1;5;2024;73;55.97;0.125;1
1;5;2024;74;62.71;0.22;1
1;5;2024;75;54.67;0.16;1
1;5;2024;76;66.17;0.23;1
1;5;2024;77;66.47;0.23;1
1;5;2024;78;64.71;0.19;1
1;5;2024;79;63.12;0.205;1
1;5;2024;80;64.52;0.195;1
1;5;2024;81;64.2;0.21;1
1;5;2024;82;63.2;0.215;1
1;5;2024;83;61.87;0.205;1
1;5;2024;84;57.54;0.18;1
1;5;2024;85;62.35;0.15;1
1;5;2024;86;62.77;0.22;1
1;5;2024;87;59.29;0.145;1
1;5;2024;88;68.47;0.295;1
1;5;2024;89;62.16;0.18;1
1;5;2024;90;62.75;0.185;1
1;5;2024;91;72.81;0.31;1
1;5;2024;92;58.45;0.13;1
1;5;2024;93;60.53;0.17;1
1;5;2024;94;58.44;0.115;1
1;5;2024;95;60.84;0.185;1
1;5;2024;96;63.82;0.185;1
1;5;2024;97;62.64;0.175;1
1;5;2024;98;66.84;0.23;1
1;5;2024;99;62.8;0.18;1
1;5;2024;100;61.18;0.185;1
3;5;2024;1;59.4;0.15;2
3;5;2024;2;54.6;0.12;1
3;5;2024;3;59.2;0.11;1
3;5;2024;4;65.8;0.235;1
3;5;2024;5;60.8;0.17;3
3;5;2024;6;63.4;0.17;1
3;5;2024;7;59.1;0.14;1
3;5;2024;8;60.4;0.18;1
3;5;2024;9;62.6;0.185;1
3;5;2024;10;57.8;0.125;1
3;5;2024;11;57.9;0.135;1
3;5;2024;12;61;0.175;1
3;5;2024;13;66.8;0.235;1
3;5;2024;14;64.8;0.235;1
3;5;2024;15;69.3;0.26;1
3;5;2024;16;67.1;0.245;1
3;5;2024;17;62;0.17;1
3;5;2024;18;62.3;0.185;1
3;5;2024;19;64.5;0.195;1
3;5;2024;20;57.8;0.135;1
3;5;2024;21;64.3;0.195;1
3;5;2024;22;63.5;0.195;1
3;5;2024;23;57.6;0.155;1
3;5;2024;24;66.7;0.22;1
3;5;2024;25;63.6;0.205;1
3;5;2024;26;57.3;0.125;1
3;5;2024;27;60.1;0.17;2
3;5;2024;28;65.4;0.195;1
3;5;2024;29;65.8;0.235;2
3;5;2024;30;65.6;0.245;1
3;5;2024;31;62.3;0.185;1
3;5;2024;32;61.8;0.205;1
3;5;2024;33;63.5;0.215;1
3;5;2024;34;65.2;0.215;1
3;5;2024;35;63.9;0.205;1
3;5;2024;36;63;0.195;1
3;5;2024;37;66.3;0.235;1
3;5;2024;38;58.2;0.145;1
3;5;2024;39;58.7;0.17;1
3;5;2024;40;70.4;0.265;1
3;5;2024;41;64.9;0.2;1
3;5;2024;42;59.9;0.165;1
3;5;2024;43;59.7;0.18;1
3;5;2024;44;68.6;0.28;2
3;5;2024;45;62.1;0.18;1
3;5;2024;46;65.7;0.215;1
3;5;2024;47;66.9;0.24;1
3;5;2024;48;63.2;0.185;1
3;5;2024;49;68.9;0.27;1
3;5;2024;50;62.5;0.185;1
3;5;2024;51;63.6;0.18;1
3;5;2024;52;65.2;0.2;1
3;5;2024;53;62.9;0.175;1
3;5;2024;54;63;0.19;1
3;5;2024;55;64.9;0.18;1
3;5;2024;56;58.8;0.135;2
3;5;2024;57;61.9;0.185;2
3;5;2024;58;66.3;0.255;1
3;5;2024;59;63.7;0.205;1
3;5;2024;60;58.9;0.11;1
3;5;2024;61;67.2;0.225;1
3;5;2024;62;65.3;0.23;1
3;5;2024;63;62.3;0.19;1
3;5;2024;64;59.4;0.135;1
3;5;2024;65;63.6;0.14;1
3;5;2024;66;63.1;0.19;1
3;5;2024;67;64.6;0.195;1
3;5;2024;68;66;0.22;1
3;5;2024;69;63.1;0.19;1
3;5;2024;70;61;0.175;1
3;5;2024;71;64.9;0.215;1
3;5;2024;72;64.5;0.18;1
3;5;2024;73;64.5;0.215;1
3;5;2024;74;58.5;0.125;1
3;5;2024;75;67.2;0.22;1
3;5;2024;76;61.9;0.185;1
3;5;2024;77;66.7;0.22;1
3;5;2024;78;61.8;0.175;1
3;5;2024;79;63.1;0.185;1
3;5;2024;80;59.4;0.16;1
3;5;2024;81;65.3;0.225;1
3;5;2024;82;63.2;0.18;1
3;5;2024;83;63.2;0.22;1
3;5;2024;84;63.6;0.21;1
3;5;2024;85;66.6;0.235;1
3;5;2024;86;60.6;0.16;1
3;5;2024;87;61;0.165;1
3;5;2024;88;72.1;0.29;1
3;5;2024;89;61.2;0.16;1
3;5;2024;90;66;0.205;1
3;5;2024;91;63.6;0.165;1
3;5;2024;92;65.8;0.24;1
3;5;2024;93;63.9;0.245;2
3;5;2024;94;60.5;0.17;1
3;5;2024;95;62.2;0.215;1
3;5;2024;96;64;0.185;1
3;5;2024;97;62.5;0.165;1
3;5;2024;98;69;0.285;1
3;5;2024;99;68.8;0.205;1
3;5;2024;100;70.1;0.28;1
6;5;2024;1;57.48;0.175;No
6;5;2024;2;62.48;0.21;No
6;5;2024;3;69.44;0.205;No
6;5;2024;4;62.84;0.16;No
6;5;2024;5;65.19;0.22;No
6;5;2024;6;62.11;0.18;No
6;5;2024;7;64.75;0.2;No
6;5;2024;8;61.1;0.15;No
6;5;2024;9;61.34;0.19;No
6;5;2024;10;55.06;0.125;No
6;5;2024;11;62.49;0.175;No
6;5;2024;12;60.37;0.17;No
6;5;2024;13;69.02;0.27;No
6;5;2024;14;61.32;0.175;No
6;5;2024;15;55.97;0.16;No
6;5;2024;16;61.27;0.22;No
6;5;2024;17;65.8;0.22;No
6;5;2024;18;68.27;0.19;No
6;5;2024;19;62.21;0.16;No
6;5;2024;20;61.24;0.18;No
6;5;2024;21;62.16;0.17;No
6;5;2024;22;66.12;0.23;No
6;5;2024;23;61.58;0.19;No
6;5;2024;24;63.36;0.24;No
6;5;2024;25;63.15;0.195;No
6;5;2024;26;61.64;0.18;No
6;5;2024;27;;;No
6;5;2024;28;64.21;0.205;No
6;5;2024;29;65.37;0.21;No
6;5;2024;30;64.49;0.225;No
6;5;2024;31;63.47;0.18;No
6;5;2024;32;67.15;0.245;No
6;5;2024;33;65.04;0.215;No
6;5;2024;34;59.47;0.145;No
6;5;2024;35;62.6;0.19;No
6;5;2024;36;57.43;0.17;No
6;5;2024;37;59.44;0.18;No
6;5;2024;38;57.86;0.165;No
6;5;2024;39;60.11;0.18;No
6;5;2024;40;64.14;0.21;No
6;5;2024;41;61.24;0.175;No
6;5;2024;42;62.16;0.205;No
6;5;2024;43;64.07;0.215;No
6;5;2024;44;57.4;0.14;No
6;5;2024;45;65.21;0.22;No
6;5;2024;46;58.72;0.13;No
6;5;2024;47;65.13;0.22;No
6;5;2024;48;64.2;0.21;No
6;5;2024;49;62.79;0.185;No
6;5;2024;50;60.82;0.155;No
6;5;2024;51;68.28;0.245;No
6;5;2024;52;62.56;0.195;No
6;5;2024;53;56.67;0.12;No
6;5;2024;54;64.54;0.22;No
6;5;2024;55;60.65;0.135;No
6;5;2024;56;67.27;0.3;No
6;5;2024;57;61.29;0.14;No
6;5;2024;58;63.72;0.195;No
6;5;2024;59;59.66;0.125;No
6;5;2024;60;66.75;0.2;No
6;5;2024;61;72.3;0.275;No
6;5;2024;62;60.52;0.245;No
6;5;2024;63;65.73;0.22;No
6;5;2024;64;69.16;0.245;No
6;5;2024;65;54.4;0.1;No
6;5;2024;66;57.71;0.14;No
6;5;2024;67;67.8;0.23;No
6;5;2024;68;58.04;0.125;No
6;5;2024;69;58.31;0.115;No
6;5;2024;70;57.22;0.115;No
6;5;2024;71;63.33;0.215;No
6;5;2024;72;59.7;0.15;No
6;5;2024;73;56.1;0.165;No
6;5;2024;74;57.31;0.21;No
6;5;2024;75;63.11;0.185;No
6;5;2024;76;56.35;0.115;No
6;5;2024;77;62.7;0.145;No
6;5;2024;78;69.03;0.145;No
6;5;2024;79;64.94;0.15;No
6;5;2024;80;63.05;0.16;No
6;5;2024;81;68.04;0.165;No
6;5;2024;82;64.71;0.17;No
6;5;2024;83;55.64;0.18;No
6;5;2024;84;68.85;0.19;No
6;5;2024;85;68.94;0.19;No
6;5;2024;86;64.47;0.19;No
6;5;2024;87;68.01;0.195;No
6;5;2024;88;61.69;0.2;No
6;5;2024;89;64.39;0.2;No
6;5;2024;90;61.09;0.205;No
6;5;2024;91;61.06;0.205;No
6;5;2024;92;57.78;0.215;No
6;5;2024;93;61.8;0.215;No
6;5;2024;94;60.42;0.215;No
6;5;2024;95;57.45;0.225;No
6;5;2024;96;63.02;0.23;No
6;5;2024;97;67.15;0.245;No
6;5;2024;98;69.7;0.285;No
6;5;2024;99;64.28;0.295;No
6;5;2024;100;62.47;0.3;No
8;5;2024;1;67.2;0.26;1
8;5;2024;2;61.26;0.185;1
8;5;2024;3;65.93;0.175;1
8;5;2024;4;58.67;0.145;1
8;5;2024;5;59.92;0.14;1
8;5;2024;6;61.78;0.17;1
8;5;2024;7;60.72;0.15;1
8;5;2024;8;63.96;0.18;1
8;5;2024;9;65.72;0.195;1
8;5;2024;10;63.09;0.205;1
8;5;2024;11;60.38;0.165;1
8;5;2024;12;62.29;0.185;1
8;5;2024;13;56.84;0.125;1
8;5;2024;14;61.44;0.19;1
8;5;2024;15;63.41;0.18;1
8;5;2024;16;65.56;0.155;2
8;5;2024;17;68.93;0.23;1
8;5;2024;18;67.96;0.27;1
8;5;2024;19;57.33;0.125;1
8;5;2024;20;61.07;0.18;1
8;5;2024;21;64.5;0.205;1
8;5;2024;22;63.3;0.19;1
8;5;2024;23;57.05;0.115;1
8;5;2024;24;62.5;0.225;1
8;5;2024;25;61.57;0.195;1
8;5;2024;26;60.53;0.135;2
8;5;2024;27;57.95;0.12;1
8;5;2024;28;64.35;0.22;1
8;5;2024;29;64.21;0.195;1
8;5;2024;30;59.71;0.16;1
8;5;2024;31;58.35;0.15;1
8;5;2024;32;52.78;0.075;1
8;5;2024;33;56.57;0.135;1
8;5;2024;34;58.18;0.13;1
8;5;2024;35;62.76;0.18;1
8;5;2024;36;63.26;0.21;1
8;5;2024;37;62.36;0.165;1
8;5;2024;38;53.91;0.1;1
8;5;2024;39;63.41;0.21;1
8;5;2024;40;57.09;0.125;1
8;5;2024;41;61.69;0.18;1
8;5;2024;42;58.57;0.13;1
8;5;2024;43;60.4;0.165;1
8;5;2024;44;63.81;0.185;1
8;5;2024;45;65.68;0.225;1
8;5;2024;46;62.63;0.15;1
8;5;2024;47;69.84;0.255;1
8;5;2024;48;57.34;0.135;1
8;5;2024;49;60.15;0.15;1
8;5;2024;50;59.46;0.17;1
8;5;2024;51;55.03;0.155;1
8;5;2024;52;61.4;0.185;1
8;5;2024;53;60.74;0.18;1
8;5;2024;54;56.16;0.115;1
8;5;2024;55;57.63;0.135;1
8;5;2024;56;58.64;0.15;1
8;5;2024;57;59.51;0.17;1
8;5;2024;58;59.38;0.17;1
8;5;2024;59;66.01;0.215;1
8;5;2024;60;64.07;0.155;1
8;5;2024;61;67.02;0.225;1
8;5;2024;62;67.37;0.225;1
8;5;2024;63;63.22;0.2;1
8;5;2024;64;61.05;0.18;1
8;5;2024;65;64.3;0.175;1
8;5;2024;66;56.1;0.1;1
8;5;2024;67;62.99;0.215;1
8;5;2024;68;59.5;0.15;1
8;5;2024;69;63.55;0.145;1
8;5;2024;70;60.58;0.165;1
8;5;2024;71;55.93;0.1;1
8;5;2024;72;58.77;0.15;1
8;5;2024;73;54.71;0.13;1
8;5;2024;74;65.88;0.215;2
8;5;2024;75;66.87;0.22;1
8;5;2024;76;60.68;0.155;1
8;5;2024;77;62.8;0.21;1
8;5;2024;78;60.62;0.175;1
8;5;2024;79;55.08;0.11;1
8;5;2024;80;62.29;0.17;1
8;5;2024;81;57.16;0.135;1
8;5;2024;82;59.33;0.175;1
8;5;2024;83;57.74;0.15;1
8;5;2024;84;61.42;0.175;1
8;5;2024;85;62.01;0.155;1
8;5;2024;86;61.91;0.175;1
8;5;2024;87;59.16;0.116;1
8;5;2024;88;64.93;0.205;1
8;5;2024;89;59.44;0.15;1
8;5;2024;90;57.62;0.15;1
8;5;2024;91;59.91;0.18;1
8;5;2024;92;63.83;0.165;1
8;5;2024;93;60.5;0.135;1
8;5;2024;94;57.01;0.17;1
8;5;2024;95;57.9;0.16;1
8;5;2024;96;57.81;0.155;1
8;5;2024;97;57.46;0.155;1
8;5;2024;98;66.19;0.225;1
8;5;2024;99;60.69;0.15;1
8;5;2024;100;60.47;0.15;1
11;5;2024;1;59.71;0.16;4
11;5;2024;2;64.07;0.195;1
11;5;2024;3;60.67;0.165;1
11;5;2024;4;63.7;0.21;1
11;5;2024;5;63.7;0.195;1
11;5;2024;6;64.67;0.195;1
11;5;2024;7;59.45;0.15;2
11;5;2024;8;65.67;0.13;1
11;5;2024;9;62.95;0.195;3
11;5;2024;10;59.96;0.18;2
11;5;2024;11;61.39;0.175;1
11;5;2024;12;61.39;0.17;4
11;5;2024;13;61.38;0.15;1
11;5;2024;14;59.98;0.15;3
11;5;2024;15;57.96;0.125;4
11;5;2024;16;61.69;0.175;2
11;5;2024;17;61.7;0.205;1
11;5;2024;18;61.47;0.195;1
11;5;2024;19;62.44;0.19;1
11;5;2024;20;60.72;0.205;1
11;5;2024;21;60.72;0.165;1
11;5;2024;22;58.75;0.17;2
11;5;2024;23;64.61;0.21;1
11;5;2024;24;64.56;0.24;2
11;5;2024;25;63.11;0.2;2
11;5;2024;26;63.38;0.215;1
11;5;2024;27;61;0.13;1
11;5;2024;28;58.89;0.13;2
11;5;2024;29;61.04;0.175;1
11;5;2024;30;62.69;0.16;3
11;5;2024;31;58.14;0.155;3
11;5;2024;32;61.59;0.18;1
11;5;2024;33;63.97;0.18;2
11;5;2024;34;55.83;0.13;1
11;5;2024;35;56.61;0.185;2
11;5;2024;36;60.05;0.195;2
11;5;2024;37;61.36;0.22;2
11;5;2024;38;59.84;0.15;1
11;5;2024;39;57.76;0.175;3
11;5;2024;40;61.17;0.175;1
11;5;2024;41;54.01;0.115;1
11;5;2024;42;64.63;0.22;1
11;5;2024;43;60.97;0.185;2
11;5;2024;44;68.23;0.29;1
11;5;2024;45;59.69;0.18;1
11;5;2024;46;65.21;0.235;1
11;5;2024;47;60.99;0.195;1
11;5;2024;48;61.31;0.175;1
11;5;2024;49;63.87;0.2;1
11;5;2024;50;57.69;0.14;2
11;5;2024;51;58.95;0.12;2
11;5;2024;52;62.06;0.215;1
11;5;2024;53;62.85;0.21;1
11;5;2024;54;58.61;0.155;1
11;5;2024;55;61.03;0.195;1
11;5;2024;56;59.88;0.135;1
11;5;2024;57;65.77;0.216;1
11;5;2024;58;61.11;0.18;1
11;5;2024;59;64.36;0.24;2
11;5;2024;60;62.6;0.165;2
11;5;2024;61;54.7;0.115;3
11;5;2024;62;62.03;0.155;1
11;5;2024;63;65.78;0.265;2
11;5;2024;64;65.45;0.255;1
11;5;2024;65;61.25;0.19;1
11;5;2024;66;61.23;0.185;3
11;5;2024;67;64.7;0.205;1
11;5;2024;68;60.79;0.16;2
11;5;2024;69;60.79;0.155;2
11;5;2024;70;61.8;0.195;2
11;5;2024;71;65.8;0.245;3
11;5;2024;72;63.38;0.195;1
11;5;2024;73;65.1;0.205;1
11;5;2024;74;61.67;0.18;1
11;5;2024;75;62.96;0.195;1
11;5;2024;76;63.06;0.165;2
11;5;2024;77;59.84;0.145;2
11;5;2024;78;59.84;0.18;1
11;5;2024;79;65.05;0.215;1
11;5;2024;80;62.2;0.195;1
11;5;2024;81;60.75;0.275;1
11;5;2024;82;67.43;0.265;1
11;5;2024;83;66.02;0.205;2
11;5;2024;84;60.93;0.165;2
11;5;2024;85;63.69;0.205;1
11;5;2024;86;65.69;0.24;2
11;5;2024;87;62.59;0.195;3
11;5;2024;88;58.09;0.13;1
11;5;2024;89;53.79;0.195;1
11;5;2024;90;62.07;0.22;3
11;5;2024;91;60.65;0.17;2
11;5;2024;92;62.42;0.195;1
11;5;2024;93;59.18;0.155;2
11;5;2024;94;57.65;0.115;3
11;5;2024;95;59.48;0.135;3
11;5;2024;96;67.9;0.225;2
11;5;2024;97;54.03;0.125;1
11;5;2024;98;58.35;0.175;1
11;5;2024;99;61.43;0.185;2
11;5;2024;100;60.26;0.18;2
14;5;2024;1;59.08;0.18;2
14;5;2024;2;55.72;0.12;3
14;5;2024;3;60.04;0.165;4
14;5;2024;4;59.2;0.155;1
14;5;2024;5;62.43;0.18;1
14;5;2024;6;64.15;0.165;1
14;5;2024;7;58.87;0.13;2
14;5;2024;8;64.41;0.195;2
14;5;2024;9;58.01;0.14;2
14;5;2024;10;57.47;0.15;2
14;5;2024;11;63.29;0.195;3
14;5;2024;12;65.89;0.245;2
14;5;2024;13;57.19;0.12;3
14;5;2024;14;62.55;0.175;2
14;5;2024;15;59.71;0.165;2
14;5;2024;16;62.14;0.205;2
14;5;2024;17;53.48;0.11;1
14;5;2024;18;63.99;0.195;2
14;5;2024;19;68.06;0.26;2
14;5;2024;20;63.09;0.215;2
14;5;2024;21;62.8;0.19;1
14;5;2024;22;62.38;0.185;2
14;5;2024;23;61.45;0.17;6
14;5;2024;24;66.12;0.235;1
14;5;2024;25;65.6;0.22;1
14;5;2024;26;61.14;0.135;2
14;5;2024;27;60.72;0.155;2
14;5;2024;28;58.44;0.135;1
14;5;2024;29;62.49;0.175;3
14;5;2024;30;70.04;0.27;4
14;5;2024;31;71.4;0.155;2
14;5;2024;32;55.96;0.11;3
14;5;2024;33;60.09;0.155;2
14;5;2024;34;59.63;0.15;2
14;5;2024;35;62.47;0.18;1
14;5;2024;36;59.73;0.16;2
14;5;2024;37;60.47;0.155;1
14;5;2024;38;60;0.145;2
14;5;2024;39;64.83;0.22;1
14;5;2024;40;66.91;0.26;2
14;5;2024;41;63.99;0.19;2
14;5;2024;42;56.86;0.225;2
14;5;2024;43;64.87;0.21;2
14;5;2024;44;56.57;0.19;2
14;5;2024;45;68.43;0.28;5
14;5;2024;46;66.43;0.205;3
14;5;2024;47;63.82;0.22;2
14;5;2024;48;60.3;0.17;2
14;5;2024;49;66.88;0.24;1
14;5;2024;50;66.28;0.275;2
14;5;2024;51;61.16;0.185;2
14;5;2024;52;59.9;0.15;2
14;5;2024;53;58.75;0.135;2
14;5;2024;54;59.44;0.14;3
14;5;2024;55;65.24;0.215;3
14;5;2024;56;61.55;0.18;2
14;5;2024;57;59.22;0.155;1
14;5;2024;58;60.12;0.205;1
14;5;2024;59;58.02;0.125;1
14;5;2024;60;55.28;0.12;1
14;5;2024;61;65.92;0.24;2
14;5;2024;62;57.55;0.11;1
14;5;2024;63;59;0.145;1
14;5;2024;64;63.59;0.205;2
14;5;2024;65;65.04;0.21;1
14;5;2024;66;69.64;0.24;3
14;5;2024;67;63.5;0.16;1
14;5;2024;68;54.63;0.125;2
14;5;2024;69;57.24;0.12;2
14;5;2024;70;62.48;0.155;2
14;5;2024;71;57.81;0.15;2
14;5;2024;72;63.75;0.205;4
14;5;2024;73;67.25;0.24;2
14;5;2024;74;63.9;0.195;1
14;5;2024;75;64.82;0.215;1
14;5;2024;76;62.18;0.185;2
14;5;2024;77;57.54;0.145;1
14;5;2024;78;62.34;0.165;1
14;5;2024;79;65.63;0.22;2
14;5;2024;80;57.93;0.135;2
14;5;2024;81;61.61;0.185;1
14;5;2024;82;61.32;0.175;2
14;5;2024;83;60.53;0.165;2
14;5;2024;84;64.13;0.175;2
14;5;2024;85;63.32;0.21;1
14;5;2024;86;60.86;0.17;1
14;5;2024;87;62.99;0.18;1
14;5;2024;88;68.94;0.28;2
14;5;2024;89;63.98;0.215;3
14;5;2024;90;66.82;0.23;1
14;5;2024;91;63.04;0.175;2
14;5;2024;92;66.62;0.14;2
14;5;2024;93;62.6;0.185;1
14;5;2024;94;63.69;0.195;2
14;5;2024;95;60.08;0.17;1
14;5;2024;96;60.69;0.195;1
14;5;2024;97;62.65;0.15;2
14;5;2024;98;63.45;0.2;1
14;5;2024;99;64.45;0.215;2
14;5;2024;100;61.57;0.2;2
15;5;2024;1;61;0.17;3
15;5;2024;2;61.82;0.175;2
15;5;2024;3;58;0.135;3
15;5;2024;4;61.75;0.18;2
15;5;2024;5;57.46;0.125;2
15;5;2024;6;55.04;0.1;2
15;5;2024;7;58.55;0.135;2
15;5;2024;8;65.27;0.2;2
15;5;2024;9;64.48;0.175;1
15;5;2024;10;58.33;0.11;4
15;5;2024;11;61.18;0.195;2
15;5;2024;12;63.51;0.195;2
15;5;2024;13;60.65;0.18;2
15;5;2024;14;64.55;0.2;2
15;5;2024;15;63.1;0.18;2
15;5;2024;16;59.93;0.15;3
15;5;2024;17;57.71;0.16;2
15;5;2024;18;64.82;0.2;2
15;5;2024;19;59.44;0.13;3
15;5;2024;20;60.05;0.165;2
15;5;2024;21;57.48;0.13;2
15;5;2024;22;62.29;0.18;2
15;5;2024;23;60.45;0.17;2
15;5;2024;24;56.24;0.13;2
15;5;2024;25;59.69;0.175;2
15;5;2024;26;62.06;0.165;2
15;5;2024;27;62.24;0.19;2
15;5;2024;28;62.14;0.195;3
15;5;2024;29;65.31;0.205;3
15;5;2024;30;59.14;0.14;3
15;5;2024;31;63.81;0.19;2
15;5;2024;32;65.04;0.21;2
15;5;2024;33;62.4;0.17;3
15;5;2024;34;62.06;0.135;3
15;5;2024;35;60.84;0.185;2
15;5;2024;36;59.75;0.135;2
15;5;2024;37;63.54;0.23;1
15;5;2024;38;63.16;0.16;4
15;5;2024;39;62.09;0.175;3
15;5;2024;40;54.47;0.115;2
15;5;2024;41;59.99;0.17;3
15;5;2024;42;53.59;0.095;2
15;5;2024;43;62.24;0.185;2
15;5;2024;44;65.95;0.19;2
15;5;2024;45;61.98;0.17;2
15;5;2024;46;61.91;0.17;3
15;5;2024;47;62.22;0.175;2
15;5;2024;48;63.43;0.205;4
15;5;2024;49;57.76;0.135;2
15;5;2024;50;61.15;0.16;4
15;5;2024;51;60.44;0.165;3
15;5;2024;52;54.71;0.11;2
15;5;2024;53;61.29;0.18;2
15;5;2024;54;64.91;0.2;4
15;5;2024;55;64.42;0.19;3
15;5;2024;56;59.33;0.16;3
15;5;2024;57;61.94;0.165;2
15;5;2024;58;61.16;0.16;3
15;5;2024;59;59.38;0.15;2
15;5;2024;60;60.13;0.13;3
15;5;2024;61;63.5;0.18;2
15;5;2024;62;58.62;0.14;4
15;5;2024;63;60.15;0.16;2
15;5;2024;64;53.84;0.115;2
15;5;2024;65;58.82;0.14;3
15;5;2024;66;62.27;0.185;2
15;5;2024;67;56.93;0.135;2
15;5;2024;68;64.21;0.19;3
15;5;2024;69;61.97;0.16;2
15;5;2024;70;57.74;0.11;3
15;5;2024;71;63.6;0.17;2
15;5;2024;72;60.44;0.135;2
15;5;2024;73;64.19;0.2;2
15;5;2024;74;62.33;0.165;2
15;5;2024;75;63.37;0.17;3
15;5;2024;76;61.28;0.165;2
15;5;2024;77;59.69;0.16;3
15;5;2024;78;63.3;0.18;3
15;5;2024;79;62.06;0.155;2
15;5;2024;80;59.61;0.15;4
15;5;2024;81;63.56;0.2;2
15;5;2024;82;63.89;0.22;2
15;5;2024;83;56.4;0.13;2
15;5;2024;84;62.56;0.175;4
15;5;2024;85;59.63;0.14;3
15;5;2024;86;62.22;0.15;2
15;5;2024;87;62.78;0.185;4
15;5;2024;88;60.41;0.165;1
15;5;2024;89;58.71;0.15;2
15;5;2024;90;62.23;0.18;5
15;5;2024;91;61.88;0.16;2
15;5;2024;92;62.87;0.21;3
15;5;2024;93;62.46;0.175;3
15;5;2024;94;64.01;0.17;2
15;5;2024;95;55.58;0.12;1
15;5;2024;96;70.07;0.265;5
15;5;2024;97;62.07;0.17;4
15;5;2024;98;56.79;0.14;2
15;5;2024;99;66.07;0.24;4
15;5;2024;100;62.99;0.175;4
17;5;2024;1;64.04;0.21;1
17;5;2024;2;57.94;0.145;2
17;5;2024;3;62.22;0.19;2
17;5;2024;4;59.69;0.175;2
17;5;2024;5;62.47;0.165;2
17;5;2024;6;62.35;0.21;3
17;5;2024;7;58.54;0.155;1
17;5;2024;8;70.33;0.295;2
17;5;2024;9;62.62;0.205;2
17;5;2024;10;55.95;0.135;4
17;5;2024;11;53.85;0.13;4
17;5;2024;12;62.24;0.18;2
17;5;2024;13;59.69;0.16;2
17;5;2024;14;54.67;0.11;2
17;5;2024;15;62.28;0.17;2
17;5;2024;16;61.58;0.17;3
17;5;2024;17;66.27;0.23;3
17;5;2024;18;56.84;0.125;3
17;5;2024;19;63.49;0.18;1
17;5;2024;20;60.86;0.245;2
17;5;2024;21;60.56;0.175;2
17;5;2024;22;72.16;0.275;1
17;5;2024;23;61.82;0.18;4
17;5;2024;24;61.98;0.185;1
17;5;2024;25;61.86;0.18;4
17;5;2024;26;58.03;0.12;5
17;5;2024;27;60.59;0.14;1
17;5;2024;28;59.81;0.145;1
17;5;2024;29;60.89;0.175;1
17;5;2024;30;64.99;0.165;1
17;5;2024;31;63.11;0.185;1
17;5;2024;32;64.12;0.205;1
17;5;2024;33;63.95;0.185;1
17;5;2024;34;57.77;0.105;5
17;5;2024;35;57.22;0.135;1
17;5;2024;36;61.7;0.18;1
17;5;2024;37;63.94;0.2;2
17;5;2024;38;62.87;0.18;4
17;5;2024;39;64.54;0.195;2
17;5;2024;40;62.01;0.17;2
17;5;2024;41;60.68;0.145;2
17;5;2024;42;66.18;0.19;4
17;5;2024;43;62.87;0.18;2
17;5;2024;44;59.33;0.135;4
17;5;2024;45;61.31;0.195;1
17;5;2024;46;60.11;0.19;3
17;5;2024;47;69.07;0.27;2
17;5;2024;48;61.3;0.185;2
17;5;2024;49;59.16;0.155;2
17;5;2024;50;63.81;0.205;3
17;5;2024;51;63.58;0.165;1
17;5;2024;52;62.17;0.165;4
17;5;2024;53;57.26;0.105;4
17;5;2024;54;62.26;0.175;3
17;5;2024;55;60.38;0.145;3
17;5;2024;56;62.76;0.175;3
17;5;2024;57;69.35;0.25;3
17;5;2024;58;66.99;0.185;4
17;5;2024;59;65.37;0.21;4
17;5;2024;60;57.67;0.125;4
17;5;2024;61;60.8;0.16;2
17;5;2024;62;63.46;0.185;3
17;5;2024;63;68.5;0.245;5
17;5;2024;64;62.1;0.175;4
17;5;2024;65;59.2;0.18;1
17;5;2024;66;59.88;0.155;4
17;5;2024;67;58.78;0.12;3
17;5;2024;68;62.3;0.2;1
17;5;2024;69;60.39;0.155;3
17;5;2024;70;57.85;0.13;3
17;5;2024;71;61.2;0.175;2
17;5;2024;72;67.36;0.215;2
17;5;2024;73;65.16;0.21;2
17;5;2024;74;65.86;0.22;1
17;5;2024;75;66.71;0.22;5
17;5;2024;76;64.3;0.18;3
17;5;2024;77;60.71;0.16;4
17;5;2024;78;63.04;0.195;3
17;5;2024;79;65.85;0.215;4
17;5;2024;80;58.1;0.135;2
17;5;2024;81;59;0.18;3
17;5;2024;82;66.04;0.21;3
17;5;2024;83;62.66;0.18;2
17;5;2024;84;59.32;0.13;2
17;5;2024;85;63.23;0.195;4
17;5;2024;86;62.51;0.18;2
17;5;2024;87;61.92;0.165;4
17;5;2024;88;58.28;0.135;4
17;5;2024;89;59.55;0.15;3
17;5;2024;90;67.76;0.245;3
17;5;2024;91;66.45;0.2;3
17;5;2024;92;58.8;0.16;3
17;5;2024;93;68.48;0.26;3
17;5;2024;94;60.82;0.18;3
17;5;2024;95;69.21;0.225;3
17;5;2024;96;66.12;0.22;1
17;5;2024;97;66.83;0.24;1
17;5;2024;98;58.1;0.13;3
17;5;2024;99;64.46;0.195;3
17;5;2024;100;62.14;0.195;3
20;5;2024;1;59.05;0.145;5
20;5;2024;2;64.43;0.205;4
20;5;2024;3;60.93;0.15;3
20;5;2024;4;59.96;0.145;4
20;5;2024;5;60.34;0.135;4
20;5;2024;6;63.07;0.175;5
20;5;2024;7;61.46;0.155;4
20;5;2024;8;59.69;0.14;3
20;5;2024;9;61.08;0.165;4
20;5;2024;10;61.08;0.165;3
20;5;2024;11;58.09;0.155;5
20;5;2024;12;68.34;0.22;5
20;5;2024;13;61.49;0.15;3
20;5;2024;14;60.46;0.15;2
20;5;2024;15;59.62;0.13;5
20;5;2024;16;60.22;0.22;5
20;5;2024;17;64.71;0.165;4
20;5;2024;18;60.42;0.15;2
20;5;2024;19;63.13;0.15;6
20;5;2024;20;56.98;0.125;5
20;5;2024;21;63.85;0.175;6
20;5;2024;22;61.69;0.145;5
20;5;2024;23;61.69;0.155;4
20;5;2024;24;61.9;0.135;5
20;5;2024;25;56.88;0.115;5
20;5;2024;26;61.44;0.185;2
20;5;2024;27;58.46;0.135;3
20;5;2024;28;54.49;0.11;4
20;5;2024;29;58.07;0.17;3
20;5;2024;30;58.07;0.135;4
20;5;2024;31;58.06;0.155;4
20;5;2024;32;62.32;0.2;4
20;5;2024;33;58.33;0.15;3
20;5;2024;34;58.33;0.14;2
20;5;2024;35;59.03;0.145;5
20;5;2024;36;58.46;0.12;4
20;5;2024;37;61.1;0.195;5
20;5;2024;38;59.93;0.17;4
20;5;2024;39;60.57;0.185;5
20;5;2024;40;58.11;0.145;3
20;5;2024;41;53.79;0.125;2
20;5;2024;42;57.85;0.17;6
20;5;2024;43;53.56;0.105;4
20;5;2024;44;64.48;0.21;3
20;5;2024;45;59.28;0.14;4
20;5;2024;46;60.67;0.155;4
20;5;2024;47;60.66;0.175;5
20;5;2024;48;54.81;0.12;5
20;5;2024;49;61.04;0.15;4
20;5;2024;50;62.28;0.195;4
20;5;2024;51;59.45;0.165;4
20;5;2024;52;59.87;0.165;4
20;5;2024;53;64.25;0.205;5
20;5;2024;54;56.81;0.11;4
20;5;2024;55;54.89;0.13;5
20;5;2024;56;56.3;0.155;3
20;5;2024;57;62.9;0.22;4
20;5;2024;58;64.72;0.22;4
20;5;2024;59;58.37;0.125;4
20;5;2024;60;54.88;0.12;2
20;5;2024;61;60.1;0.155;4
20;5;2024;62;60.1;0.17;3
20;5;2024;63;69.45;0.255;4
20;5;2024;64;65.78;0.2;4
20;5;2024;65;62.79;0.195;5
20;5;2024;66;62.8;0.185;5
20;5;2024;67;62.8;0.17;4
20;5;2024;68;62.8;0.18;3
20;5;2024;69;63.5;0.2;2
20;5;2024;70;62.34;0.17;5
20;5;2024;71;55.48;0.11;2
20;5;2024;72;61.28;0.165;3
20;5;2024;73;61.99;0.17;4
20;5;2024;74;60.99;0.175;4
20;5;2024;75;58.29;0.17;2
20;5;2024;76;61.33;0.165;3
20;5;2024;77;59.88;0.16;3
20;5;2024;78;59.88;0.155;4
20;5;2024;79;59.88;0.14;3
20;5;2024;80;57.57;0.135;3
20;5;2024;81;66.34;0.18;3
20;5;2024;82;61.29;0.185;2
20;5;2024;83;52.95;0.105;2
20;5;2024;84;56.31;0.1;4
20;5;2024;85;57.86;0.13;5
20;5;2024;86;63.09;0.18;5
20;5;2024;87;63.09;0.2;5
20;5;2024;88;61.61;0.165;5
20;5;2024;89;61.01;0.16;4
20;5;2024;90;65.25;0.205;3
20;5;2024;91;62.25;0.155;5
20;5;2024;92;62.25;0.21;3
20;5;2024;93;61.18;0.165;4
20;5;2024;94;59.48;0.175;2
20;5;2024;95;60.27;0.14;4
20;5;2024;96;60.27;0.15;3
20;5;2024;97;66.68;0.23;5
20;5;2024;98;59.56;0.13;3
20;5;2024;99;63.1;0.17;5
20;5;2024;100;66.49;0.2;4
22;5;2024;1;61.61;0.195;5
22;5;2024;2;60.48;0.15;5
22;5;2024;3;56.57;0.115;4
22;5;2024;4;59.67;0.145;4
22;5;2024;5;61.39;0.205;4
22;5;2024;6;63.27;0.165;4
22;5;2024;7;52.32;0.11;6
22;5;2024;8;64.44;0.165;4
22;5;2024;9;62.88;0.195;4
22;5;2024;10;59.52;0.17;4
22;5;2024;11;66.62;0.165;4
22;5;2024;12;60.62;0.18;4
22;5;2024;13;60.26;0.155;4
22;5;2024;14;61.51;0.145;2
22;5;2024;15;57.65;0.18;4
22;5;2024;16;58.94;0.17;4
22;5;2024;17;55.47;0.11;4
22;5;2024;18;58.35;0.145;4
22;5;2024;19;61.29;0.185;2
22;5;2024;20;60.74;0.175;3
22;5;2024;21;59.42;0.17;3
22;5;2024;22;67.15;0.245;2
22;5;2024;23;65.65;0.26;3
22;5;2024;24;61.79;0.16;2
22;5;2024;25;69.37;0.275;3
22;5;2024;26;65.53;0.2;2
22;5;2024;27;64.11;0.17;2
22;5;2024;28;62.38;0.215;3
22;5;2024;29;58.23;0.145;3
22;5;2024;30;59.78;0.17;4
22;5;2024;31;61.7;0.195;2
22;5;2024;32;58.4;0.17;5
22;5;2024;33;63.09;0.18;6
22;5;2024;34;63.99;0.18;6
22;5;2024;35;62.27;0.17;6
22;5;2024;36;60.88;0.18;3
22;5;2024;37;64.1;0.17;3
22;5;2024;38;61.22;0.16;4
22;5;2024;39;63.41;0.225;3
22;5;2024;40;61.57;0.17;2
22;5;2024;41;57.48;0.155;3
22;5;2024;42;68.69;0.265;4
22;5;2024;43;60.14;0.175;3
22;5;2024;44;62.03;0.195;2
22;5;2024;45;64.42;0.245;5
22;5;2024;46;64.46;0.215;2
22;5;2024;47;60.72;0.16;2
22;5;2024;48;59.69;0.175;6
22;5;2024;49;60.44;0.155;4
22;5;2024;50;65.79;0.24;2
22;5;2024;51;62.17;0.185;6
22;5;2024;52;58.13;0.15;2
22;5;2024;53;58.41;0.18;5
22;5;2024;54;51.9;0.12;2
22;5;2024;55;56.33;0.135;4
22;5;2024;56;55.87;0.135;3
22;5;2024;57;60.16;0.185;4
22;5;2024;58;56.32;0.125;4
22;5;2024;59;60.84;0.185;4
22;5;2024;60;55.81;0.11;4
22;5;2024;61;60.14;0.17;3
22;5;2024;62;64.68;0.21;3
22;5;2024;63;68.67;0.25;2
22;5;2024;64;59.77;0.155;6
22;5;2024;65;56.54;0.12;2
22;5;2024;66;59.97;0.17;1
22;5;2024;67;60.19;0.165;3
22;5;2024;68;53.65;0.11;2
22;5;2024;69;62.75;0.225;3
22;5;2024;70;64.29;0.225;3
22;5;2024;71;59.84;0.15;3
22;5;2024;72;62.3;0.185;3
22;5;2024;73;62.82;0.18;4
22;5;2024;74;59.44;0.195;3
22;5;2024;75;63.52;0.205;3
22;5;2024;76;60.59;0.185;3
22;5;2024;77;61.79;0.165;4
22;5;2024;78;61.28;0.175;3
22;5;2024;79;61.33;0.145;5
22;5;2024;80;58.84;0.145;4
22;5;2024;81;61.23;0.19;2
22;5;2024;82;57.23;0.145;4
22;5;2024;83;63.35;0.21;4
22;5;2024;84;65.72;0.24;3
22;5;2024;85;62.66;0.21;3
22;5;2024;86;57.42;0.1;2
22;5;2024;87;64.27;0.205;2
22;5;2024;88;62.28;0.18;2
22;5;2024;89;59.38;0.17;2
22;5;2024;90;57.94;0.155;3
22;5;2024;91;63.73;0.165;3
22;5;2024;92;63.71;0.185;3
22;5;2024;93;64.16;0.225;3
22;5;2024;94;59.54;0.16;3
22;5;2024;95;57.28;0.145;2
22;5;2024;96;57.4;0.125;2
22;5;2024;97;54.15;0.13;4
22;5;2024;98;56.55;0.16;3
22;5;2024;99;62.74;0.17;1
22;5;2024;100;59;0.155;2
24;5;2024;1;63.21;0.235;4
24;5;2024;2;62.45;0.175;4
24;5;2024;3;59.05;0.125;4
24;5;2024;4;63.61;0.19;2
24;5;2024;5;59.65;0.185;3
24;5;2024;6;61.66;0.21;6
24;5;2024;7;60.31;0.19;6
24;5;2024;8;70.75;0.31;4
24;5;2024;9;61.14;0.16;2
24;5;2024;10;59.09;0.165;3
24;5;2024;11;60.61;0.16;2
24;5;2024;12;59.11;0.16;6
24;5;2024;13;58.28;0.165;4
24;5;2024;14;59.44;0.15;3
24;5;2024;15;65.21;0.205;4
24;5;2024;16;57.81;0.15;3
24;5;2024;17;57.89;0.155;3
24;5;2024;18;59.04;0.14;5
24;5;2024;19;61.08;0.165;3
24;5;2024;20;60.27;0.195;4
24;5;2024;21;59.31;0.175;5
24;5;2024;22;58.96;0.14;1
24;5;2024;23;62.04;0.185;5
24;5;2024;24;57.13;0.17;4
24;5;2024;25;57.96;0.175;1
24;5;2024;26;58.11;0.155;2
24;5;2024;27;58.84;0.15;6
24;5;2024;28;63.67;0.21;4
24;5;2024;29;58.67;0.165;6
24;5;2024;30;57.85;0.15;5
24;5;2024;31;58.84;0.165;3
24;5;2024;32;58.92;0.14;3
24;5;2024;33;58.92;0.175;2
24;5;2024;34;63.52;0.2;5
24;5;2024;35;62.42;0.195;4
24;5;2024;36;57.06;0.135;3
24;5;2024;37;62.38;0.165;6
24;5;2024;38;59.56;0.175;3
24;5;2024;39;66.75;0.26;2
24;5;2024;40;59.35;0.16;3
24;5;2024;41;60.25;0.195;4
24;5;2024;42;57.61;0.135;5
24;5;2024;43;67.28;0.22;3
24;5;2024;44;62.5;0.19;3
24;5;2024;45;61.31;0.175;4
24;5;2024;46;66.11;0.195;6
24;5;2024;47;63.97;0.21;2
24;5;2024;48;60.99;0.175;4
24;5;2024;49;58.35;0.16;3
24;5;2024;50;57.75;0.13;2
24;5;2024;51;50.05;0.09;3
24;5;2024;52;60.08;0.135;5
24;5;2024;53;61.35;0.19;6
24;5;2024;54;59.71;0.165;2
24;5;2024;55;68.33;0.26;3
24;5;2024;56;56.89;0.14;4
24;5;2024;57;56.03;0.15;2
24;5;2024;58;62.82;0.185;6
24;5;2024;59;60.23;0.15;4
24;5;2024;60;61.35;0.19;3
24;5;2024;61;65.69;0.22;2
24;5;2024;62;62.23;0.18;3
24;5;2024;63;57.85;0.14;5
24;5;2024;64;61.53;0.18;3
24;5;2024;65;59.78;0.15;4
24;5;2024;66;67.58;0.24;4
24;5;2024;67;62.41;0.205;3
24;5;2024;68;62.13;0.205;2
24;5;2024;69;60.76;0.195;3
24;5;2024;70;59.94;0.165;3
24;5;2024;71;59.38;0.155;2
24;5;2024;72;64.26;0.185;2
24;5;2024;73;52.87;0.095;3
24;5;2024;74;58.91;0.155;5
24;5;2024;75;59.54;0.155;3
24;5;2024;76;53.67;0.11;6
24;5;2024;77;56.59;0.13;3
24;5;2024;78;56.41;0.14;5
24;5;2024;79;54.54;0.12;2
24;5;2024;80;61.13;0.155;4
24;5;2024;81;60.9;0.15;1
24;5;2024;82;59.18;0.17;5
24;5;2024;83;63.08;0.195;2
24;5;2024;84;62.01;0.205;2
24;5;2024;85;61.23;0.15;5
24;5;2024;86;61.07;0.165;6
24;5;2024;87;61.99;0.21;4
24;5;2024;88;61.12;0.17;4
24;5;2024;89;62.12;0.16;3
24;5;2024;90;54.56;0.115;4
24;5;2024;91;58.94;0.155;3
24;5;2024;92;64.78;0.215;5
24;5;2024;93;59.25;0.155;2
24;5;2024;94;61.92;0.215;3
24;5;2024;95;62.07;0.205;5
24;5;2024;96;63.04;0.155;5
24;5;2024;97;52.34;0.105;4
24;5;2024;98;56.9;0.14;5
24;5;2024;99;61.01;0.165;2
24;5;2024;100;59.7;0.14;3
28;5;2024;1;61.33;0.175;3
28;5;2024;2;65.3;0.104;4
28;5;2024;3;54.97;0.1;4
28;5;2024;4;60.46;0.165;4
28;5;2024;5;60.43;0.165;5
28;5;2024;6;57.93;0.115;4
28;5;2024;7;61.22;0.15;5
28;5;2024;8;60.25;0.14;6
28;5;2024;9;63.08;0.145;2
28;5;2024;10;59.47;0.125;6
28;5;2024;11;65.8;0.2;4
28;5;2024;12;59.62;0.15;5
28;5;2024;13;62.8;0.145;6
28;5;2024;14;59.73;0.155;5
28;5;2024;15;65.55;0.215;4
28;5;2024;16;60.72;0.14;4
28;5;2024;17;60.74;0.155;4
28;5;2024;18;59.14;0.135;4
28;5;2024;19;57.62;0.145;4
28;5;2024;20;58.92;0.13;5
28;5;2024;21;56.81;0.075;3
28;5;2024;22;59.46;0.14;5
28;5;2024;23;61.28;0.17;4
28;5;2024;24;55.93;0.13;7
28;5;2024;25;54.94;0.15;3
28;5;2024;26;35.9;0.135;6
28;5;2024;27;64.13;0.185;4
28;5;2024;28;58.32;0.145;4
28;5;2024;29;58.33;0.135;4
28;5;2024;30;57.12;0.13;3
28;5;2024;31;65.3;0.165;4
28;5;2024;32;61.78;0.19;5
28;5;2024;33;61.78;0.17;4
28;5;2024;34;62.83;0.185;5
28;5;2024;35;67.77;0.215;6
28;5;2024;36;66.25;0.13;3
28;5;2024;37;56.99;0.115;4
28;5;2024;38;58.13;0.125;3
28;5;2024;39;59.9;0.105;5
28;5;2024;40;62.45;0.185;2
28;5;2024;41;60.93;0.175;2
28;5;2024;42;58.55;0.1;4
28;5;2024;43;61.43;0.17;6
28;5;2024;44;60.24;0.145;5
28;5;2024;45;63.41;0.17;6
28;5;2024;46;59.1;0.155;3
28;5;2024;47;61.11;0.172;2
28;5;2024;48;55.51;0.1;5
28;5;2024;49;60.14;0.155;4
28;5;2024;50;56.46;0.11;5
28;5;2024;51;62.95;0.18;7
28;5;2024;52;58.91;0.15;7
28;5;2024;53;56.54;0.13;6
28;5;2024;54;55.93;0.145;6
28;5;2024;55;64.88;0.205;2
28;5;2024;56;60.15;0.14;3
28;5;2024;57;55.29;0.095;5
28;5;2024;58;59.69;0.18;6
28;5;2024;59;64.71;0.15;6
28;5;2024;60;59.93;0.13;5
28;5;2024;61;58.63;0.13;7
28;5;2024;62;60.09;0.155;3
28;5;2024;63;67.54;0.145;6
28;5;2024;64;61.99;0.185;4
28;5;2024;65;62.91;0.155;5
28;5;2024;66;61.12;0.15;4
28;5;2024;67;60.61;0.13;4
28;5;2024;68;62.6;0.16;1
28;5;2024;69;54.55;0.145;7
28;5;2024;70;64.59;0.21;6
28;5;2024;71;59.05;0.135;6
28;5;2024;72;62.74;0.18;4
28;5;2024;73;60.13;0.165;3
28;5;2024;74;60.41;0.175;2
28;5;2024;75;53.77;0.125;3
28;5;2024;76;59.56;0.15;6
28;5;2024;77;58.34;0.17;5
28;5;2024;78;51.82;0.125;4
28;5;2024;79;54.95;0.14;4
28;5;2024;80;56.74;0.16;3
28;5;2024;81;59.58;0.165;7
28;5;2024;82;50.8;0.085;6
28;5;2024;83;49.2;0.105;4
28;5;2024;84;61.37;0.165;4
28;5;2024;85;54.93;0.125;5
28;5;2024;86;59.7;0.165;6
28;5;2024;87;59.77;0.195;4
28;5;2024;88;48.25;0.08;2
28;5;2024;89;53;0.11;2
28;5;2024;90;55.87;0.115;6
28;5;2024;91;55.97;0.15;4
28;5;2024;92;52.72;0.13;4
28;5;2024;93;57.63;0.155;6
28;5;2024;94;54.28;0.145;3
28;5;2024;95;53.48;0.135;3
28;5;2024;96;51.5;0.125;5
28;5;2024;97;56.38;0.145;7
28;5;2024;98;56.13;0.135;5
28;5;2024;99;53.79;0.13;5
28;5;2024;100;59.34;0.2;4
29;5;2024;1;59.91;0.14;6
29;5;2024;2;62.44;0.18;7
29;5;2024;3;62.38;0.165;5
29;5;2024;4;63.29;0.15;6
29;5;2024;5;59.32;0.13;6
29;5;2024;6;60.33;0.16;4
29;5;2024;7;63.35;0.16;7
29;5;2024;8;62.6;0.155;7
29;5;2024;9;60.99;0.15;6
29;5;2024;10;58.1;0.145;6
29;5;2024;11;61.92;0.15;6
29;5;2024;12;67.22;0.195;7
29;5;2024;13;54.89;0.11;5
29;5;2024;14;56.5;0.11;6
29;5;2024;15;65.77;0.215;7
29;5;2024;16;57.79;0.12;6
29;5;2024;17;54.91;0.15;6
29;5;2024;18;60.04;0.16;6
29;5;2024;19;58.43;0.13;6
29;5;2024;20;59.39;0.135;5
29;5;2024;21;60.79;0.14;5
29;5;2024;22;60.73;0.165;5
29;5;2024;23;58.66;0.135;6
29;5;2024;24;58.75;0.125;6
29;5;2024;25;69.14;0.29;6
29;5;2024;26;64.88;0.18;5
29;5;2024;27;60.6;0.145;6
29;5;2024;28;63.47;0.16;6
29;5;2024;29;59.34;0.13;5
29;5;2024;30;65.66;0.225;6
29;5;2024;31;60.08;0.135;6
29;5;2024;32;56.2;0.135;4
29;5;2024;33;61.28;0.175;5
29;5;2024;34;60.01;0.145;5
29;5;2024;35;61.54;0.14;6
29;5;2024;36;63.82;0.155;7
29;5;2024;37;61.2;0.13;5
29;5;2024;38;58.83;0.17;6
29;5;2024;39;57.82;0.14;6
29;5;2024;40;67.04;0.235;5
29;5;2024;41;62.01;0.175;5
29;5;2024;42;65.27;0.18;7
29;5;2024;43;58.26;0.13;5
29;5;2024;44;60.24;0.14;5
29;5;2024;45;59.46;0.165;5
29;5;2024;46;66.53;0.215;6
29;5;2024;47;57.06;0.11;6
29;5;2024;48;61.75;0.19;6
29;5;2024;49;65.76;0.185;6
29;5;2024;50;60.88;0.145;5
29;5;2024;51;61.8;0.17;6
29;5;2024;52;59.41;0.14;7
29;5;2024;53;60.86;0.16;6
29;5;2024;54;52.98;0.135;6
29;5;2024;55;50.99;0.085;6
29;5;2024;56;53.86;0.135;6
29;5;2024;57;52.59;0.17;5
29;5;2024;58;51;0.145;6
29;5;2024;59;51.91;0.17;5
29;5;2024;60;50.07;0.175;5
29;5;2024;61;49.7;0.145;6
29;5;2024;62;47.36;0.115;6
29;5;2024;63;45.15;0.125;5
29;5;2024;64;45.21;0.16;5
29;5;2024;65;50.11;0.1;6
29;5;2024;66;46.67;0.12;6
29;5;2024;67;45.35;0.09;6
29;5;2024;68;89.49;0.22;4
29;5;2024;69;81.77;0.135;6
29;5;2024;70;81.99;0.185;6
29;5;2024;71;92.39;0.185;7
29;5;2024;72;88;0.19;6
29;5;2024;73;86.73;0.16;6
29;5;2024;74;60.84;0.16;6
29;5;2024;75;61.5;0.18;4
29;5;2024;76;55.8;0.105;6
29;5;2024;77;55.32;0.125;4
29;5;2024;78;60.91;0.17;6
29;5;2024;79;58.66;0.165;4
29;5;2024;80;58.93;0.145;4
29;5;2024;81;57.96;0.145;7
29;5;2024;82;58.41;0.14;5
29;5;2024;83;58.86;0.155;5
29;5;2024;84;58.86;0.125;6
29;5;2024;85;58.86;0.14;3
29;5;2024;86;60.65;0.16;5
29;5;2024;87;56.6;0.13;4
29;5;2024;88;54.07;0.1;4
29;5;2024;89;59.3;0.15;2
29;5;2024;90;57.78;0.14;5
29;5;2024;91;61.2;0.165;5
29;5;2024;92;57.17;0.145;7
29;5;2024;93;55.75;0.14;6
29;5;2024;94;59.12;0.14;3
29;5;2024;95;60.34;0.165;3
29;5;2024;96;52.81;0.09;4
29;5;2024;97;61.44;0.155;6
29;5;2024;98;55.54;0.115;7
29;5;2024;99;56.37;0.14;4
29;5;2024;100;60.07;0.16;3
31;5;2024;1;61.97;0.13;3
31;5;2024;2;62.42;0.175;6
31;5;2024;3;59.53;0.12;5
31;5;2024;4;52.04;0.09;5
31;5;2024;5;59.09;0.115;5
31;5;2024;6;55.93;0.135;6
31;5;2024;7;58;0.16;4
31;5;2024;8;62.98;0.145;6
31;5;2024;9;63.66;0.195;7
31;5;2024;10;55.43;0.145;5
31;5;2024;11;62.94;0.14;5
31;5;2024;12;60.25;0.14;6
31;5;2024;13;53.3;0.09;6
31;5;2024;14;66.26;0.125;5
31;5;2024;15;61.29;0.18;5
31;5;2024;16;57.21;0.13;5
31;5;2024;17;62.4;0.14;5
31;5;2024;18;56.72;0.13;4
31;5;2024;19;65.96;0.17;6
31;5;2024;20;63.06;0.165;6
31;5;2024;21;59.45;0.13;6
31;5;2024;22;62.07;0.16;7
31;5;2024;23;63.03;0.12;5
31;5;2024;24;59.85;0.135;6
31;5;2024;25;59.44;0.115;5
31;5;2024;26;55.03;0.1;5
31;5;2024;27;56.82;0.125;5
31;5;2024;28;60.48;0.125;6
31;5;2024;29;55.51;0.115;5
31;5;2024;30;60.61;0.15;5
31;5;2024;31;61.23;0.125;5
31;5;2024;32;61.23;0.15;6
31;5;2024;33;58.76;0.135;6
31;5;2024;34;58.84;0.105;6
31;5;2024;35;60.07;0.165;6
31;5;2024;36;55.64;0.11;6
31;5;2024;37;60.48;0.145;6
31;5;2024;38;60.48;0.17;4
31;5;2024;39;60.48;0.135;6
31;5;2024;40;55.63;0.115;5
31;5;2024;41;59.43;0.175;5
31;5;2024;42;57.78;0.14;6
31;5;2024;43;57.89;0.145;6
31;5;2024;44;58.43;0.135;6
31;5;2024;45;57.92;0.125;7
31;5;2024;46;58.93;0.15;6
31;5;2024;47;56.75;0.13;6
31;5;2024;48;56.76;0.12;5
31;5;2024;49;58.02;0.13;6
31;5;2024;50;63.22;0.175;7
31;5;2024;51;61.03;0.145;6
31;5;2024;52;56.96;0.135;6
31;5;2024;53;58.14;0.14;6
31;5;2024;54;63.76;0.18;6
31;5;2024;55;58.12;0.145;5
31;5;2024;56;58.12;0.13;5
31;5;2024;57;55.9;0.115;5
31;5;2024;58;58.32;0.12;3
31;5;2024;59;60.23;0.145;6
31;5;2024;60;62.1;0.17;6
31;5;2024;61;60.95;0.17;6
31;5;2024;62;57.48;0.125;4
31;5;2024;63;60.3;0.15;5
31;5;2024;64;64.26;0.155;5
31;5;2024;65;54.28;0.11;5
31;5;2024;66;58.48;0.18;4
31;5;2024;67;62.13;0.165;7
31;5;2024;68;65.37;0.21;5
31;5;2024;69;63.76;0.165;5
31;5;2024;70;62.89;0.145;5
31;5;2024;71;64.55;0.195;6
31;5;2024;72;62.71;0.14;6
31;5;2024;73;68.21;0.23;6
31;5;2024;74;61.6;0.165;5
31;5;2024;75;61.6;0.13;6
31;5;2024;76;58.81;0.135;5
31;5;2024;77;63.73;0.19;7
31;5;2024;78;58.16;0.17;6
31;5;2024;79;61.95;0.15;7
31;5;2024;80;61.26;0.155;5
31;5;2024;81;60.01;0.16;5
31;5;2024;82;56.19;0.105;5
31;5;2024;83;64.74;0.185;6
31;5;2024;84;54.82;0.115;6
31;5;2024;85;55.73;0.11;5
31;5;2024;86;57.13;0.115;5
31;5;2024;87;56.46;0.14;6
31;5;2024;88;61.09;0.14;6
31;5;2024;89;57.33;0.165;4
31;5;2024;90;62.59;0.18;7
31;5;2024;91;60.75;0.17;6
31;5;2024;92;60.34;0.14;5
31;5;2024;93;56.68;0.14;7
31;5;2024;94;62.23;0.15;5
31;5;2024;95;60.96;0.135;6
31;5;2024;96;57.51;0.115;5
31;5;2024;97;56.42;0.125;5
31;5;2024;98;56.64;0.12;4
31;5;2024;99;57.1;0.12;5
31;5;2024;100;57.23;0.15;6
3;6;2024;1;56.24;0.1;6
3;6;2024;2;58.94;0.155;6
3;6;2024;3;64.54;0.19;5
3;6;2024;4;59.92;0.12;6
3;6;2024;5;67.67;0.22;6
3;6;2024;6;64.46;0.185;7
3;6;2024;7;55.97;0.135;6
3;6;2024;8;60.21;0.15;6
3;6;2024;9;57.35;0.1;6
3;6;2024;10;61.99;0.145;7
3;6;2024;11;55.74;0.125;6
3;6;2024;12;56.49;0.155;6
3;6;2024;13;58.03;0.145;6
3;6;2024;14;58.03;0.135;6
3;6;2024;15;62.02;0.165;6
3;6;2024;16;58.01;0.14;7
3;6;2024;17;60.7;0.155;7
3;6;2024;18;58.43;0.14;6
3;6;2024;19;57.66;0.095;6
3;6;2024;20;50.98;0.09;6
3;6;2024;21;58.8;0.125;6
3;6;2024;22;58.8;0.13;6
3;6;2024;23;57.54;0.115;6
3;6;2024;24;60.23;0.165;6
3;6;2024;25;60.17;0.144;6
3;6;2024;26;60.48;0.16;6
3;6;2024;27;58;0.14;6
3;6;2024;28;57.19;0.125;5
3;6;2024;29;61.57;0.175;6
3;6;2024;30;58.08;0.13;7
3;6;2024;31;60.42;0.135;5
3;6;2024;32;61.52;0.17;7
3;6;2024;33;53.85;0.095;5
3;6;2024;34;63.09;0.195;7
3;6;2024;35;55.12;0.135;5
3;6;2024;36;61.37;0.13;6
3;6;2024;37;57.74;0.145;6
3;6;2024;38;55.42;0.125;6
3;6;2024;39;58.6;0.15;5
3;6;2024;40;59.6;0.17;7
3;6;2024;41;63.29;0.17;6
3;6;2024;42;56.85;0.12;6
3;6;2024;43;62.64;0.18;6
3;6;2024;44;56.85;0.11;5
3;6;2024;45;54.62;0.12;5
3;6;2024;46;64.78;0.145;6
3;6;2024;47;55.51;0.105;5
3;6;2024;48;57.46;0.165;5
3;6;2024;49;60.75;0.14;6
3;6;2024;50;57.81;0.135;5
3;6;2024;51;54.75;0.11;5
3;6;2024;52;58.69;0.125;6
3;6;2024;53;60.24;0.16;6
3;6;2024;54;56.91;0.12;6
3;6;2024;55;58.66;0.145;6
3;6;2024;56;58.94;0.145;7
3;6;2024;57;58.94;0.145;4
3;6;2024;58;58.94;0.125;5
3;6;2024;59;64.97;0.205;6
3;6;2024;60;61.53;0.13;5
3;6;2024;61;62.63;0.205;6
3;6;2024;62;61.11;0.175;5
3;6;2024;63;61.5;0.13;5
3;6;2024;64;58.96;0.125;6
3;6;2024;65;63.52;0.185;6
3;6;2024;66;61.49;0.17;7
3;6;2024;67;58.98;0.13;5
3;6;2024;68;55.95;0.125;5
3;6;2024;69;63.03;0.16;6
3;6;2024;70;58.33;0.145;6
3;6;2024;71;58.31;0.21;6
3;6;2024;72;59.41;0.14;4
3;6;2024;73;55.77;0.115;6
3;6;2024;74;63.57;0.165;5
3;6;2024;75;56.07;0.12;5
3;6;2024;76;57.99;0.12;5
3;6;2024;77;57.71;0.12;6
3;6;2024;78;63.54;0.195;6
3;6;2024;79;55.84;0.135;6
3;6;2024;80;64.36;0.185;6
3;6;2024;81;62.61;0.155;5
3;6;2024;82;63.42;0.155;6
3;6;2024;83;64.4;0.19;6
3;6;2024;84;66.92;0.21;7
3;6;2024;85;59.06;0.13;6
3;6;2024;86;63.27;0.17;7
3;6;2024;87;56.9;0.12;7
3;6;2024;88;59.72;0.14;5
3;6;2024;89;60.71;0.14;5
3;6;2024;90;56.26;0.1;5
3;6;2024;91;57.82;0.16;4
3;6;2024;92;58.12;0.14;6
3;6;2024;93;57.65;0.12;6
3;6;2024;94;57.99;0.13;5
3;6;2024;95;66.64;0.175;6
3;6;2024;96;63.11;0.165;6
3;6;2024;97;55.11;0.13;7
3;6;2024;98;63.29;0.175;5
3;6;2024;99;58.37;0.115;4
3;6;2024;100;64.74;0.17;7
