fi_id_cou;ser_nameshort;fi_date;fi_year;fi_lfs_code;ge_stage;lengthmm;weightg
MaigG_2014_001;MaigG;1-6-2014;2014;G;;72;
MaigG_2014_002;MaigG;1-6-2014;2014;G;;78;
MaigG_2014_003;MaigG;1-6-2014;2014;G;;83;
MaigG_2014_004;MaigG;1-6-2014;2014;G;;77;
MaigG_2014_005;MaigG;1-6-2014;2014;G;;73;
MaigG_2014_006;MaigG;1-6-2014;2014;G;;74;
MaigG_2014_007;MaigG;1-6-2014;2014;G;;77;
MaigG_2014_008;MaigG;1-6-2014;2014;G;;67;
MaigG_2014_009;MaigG;1-6-2014;2014;G;;69;
MaigG_2014_010;MaigG;1-6-2014;2014;G;;72;
MaigG_2014_011;MaigG;1-6-2014;2014;G;;72;
MaigG_2014_012;MaigG;1-6-2014;2014;G;;73;
MaigG_2014_013;MaigG;1-6-2014;2014;G;;73;
MaigG_2014_014;MaigG;1-6-2014;2014;G;VIB;70;
MaigG_2014_015;MaigG;1-6-2014;2014;G;VIA4;75;
MaigG_2014_016;MaigG;1-6-2014;2014;G;VIB;73;
MaigG_2014_017;MaigG;1-6-2014;2014;G;VIB;68;
MaigG_2014_018;MaigG;1-6-2014;2014;G;VIB;68;
MaigG_2014_019;MaigG;1-6-2014;2014;G;VIA4;76;
MaigG_2014_020;MaigG;1-6-2014;2014;G;VIA4;67;
MaigG_2014_021;MaigG;1-6-2014;2014;G;VIB;73;
MaigG_2014_022;MaigG;1-6-2014;2014;G;VIA4;77;
MaigG_2014_023;MaigG;1-6-2014;2014;G;VIB;78;
MaigG_2014_024;MaigG;1-6-2014;2014;G;VIA4;72;
MaigG_2014_025;MaigG;1-6-2014;2014;G;VIA4;78;
MaigG_2014_026;MaigG;1-6-2014;2014;G;VIB;77;
MaigG_2014_027;MaigG;1-6-2014;2014;G;VIB;72;
MaigG_2014_028;MaigG;1-6-2014;2014;G;VIB;70;
MaigG_2014_029;MaigG;1-6-2014;2014;G;VIB;72;
MaigG_2014_030;MaigG;1-6-2014;2014;G;VIB;74;
MaigG_2014_031;MaigG;1-6-2014;2014;G;VIB;70;
MaigG_2014_032;MaigG;1-6-2014;2014;G;VIA4;76;
MaigG_2014_033;MaigG;1-6-2014;2014;G;VIA3;67;
MaigG_2014_034;MaigG;1-6-2014;2014;G;VIB;73;
MaigG_2014_035;MaigG;1-6-2014;2014;G;VIB;74;
MaigG_2014_036;MaigG;1-6-2014;2014;G;VIB;76;
MaigG_2014_037;MaigG;1-6-2014;2014;G;VIB;82;
MaigG_2014_038;MaigG;1-6-2014;2014;G;VIB;74;
MaigG_2014_039;MaigG;1-6-2014;2014;G;VIB;72;
MaigG_2014_040;MaigG;1-6-2014;2014;G;VIB;71;
MaigG_2014_041;MaigG;1-6-2014;2014;G;VIB;92;
MaigG_2014_042;MaigG;1-6-2014;2014;G;VIA4;72;
MaigG_2014_043;MaigG;1-6-2014;2014;G;VIB;76;
MaigG_2014_044;MaigG;1-6-2014;2014;G;VIA4;73;
MaigG_2014_045;MaigG;1-6-2014;2014;G;VIB;74;
MaigG_2014_046;MaigG;1-6-2014;2014;G;VIB;68;
MaigG_2014_047;MaigG;1-6-2014;2014;G;VIA4;71;
MaigG_2014_048;MaigG;1-6-2014;2014;G;VIB;89;
MaigG_2014_049;MaigG;1-6-2014;2014;G;VIB;74;
MaigG_2014_050;MaigG;1-6-2014;2014;G;VIB;76;
MaigG_2014_051;MaigG;1-6-2014;2014;G;VIB;71;
MaigG_2014_052;MaigG;1-6-2014;2014;G;VIB;71;
MaigG_2014_053;MaigG;1-6-2014;2014;G;VIA4;67;
MaigG_2014_054;MaigG;1-6-2014;2014;G;VIA4;68;
MaigG_2014_055;MaigG;1-6-2014;2014;G;VIB;75;
MaigG_2014_056;MaigG;1-6-2014;2014;G;VIB;75;
MaigG_2014_057;MaigG;1-6-2014;2014;G;VIB;73;
MaigG_2014_058;MaigG;1-6-2014;2014;G;VIB;75;
MaigG_2014_059;MaigG;1-6-2014;2014;G;VIA4;73;
MaigG_2014_060;MaigG;1-6-2014;2014;G;VIB;70;
MaigG_2014_061;MaigG;1-6-2014;2014;G;VIB;71;
MaigG_2014_062;MaigG;1-6-2014;2014;G;VIB;76;
MaigG_2014_063;MaigG;1-6-2014;2014;G;VIB;73;
MaigG_2014_064;MaigG;1-6-2014;2014;G;VIB;72;
MaigG_2014_065;MaigG;1-6-2014;2014;G;VIB;77;
MaigG_2014_066;MaigG;1-6-2014;2014;G;VIB;72;
MaigG_2014_067;MaigG;1-6-2014;2014;G;VIB;68;
MaigG_2014_068;MaigG;1-6-2014;2014;G;VIB;72;
MaigG_2014_069;MaigG;1-6-2014;2014;G;VIB;72;
MaigG_2014_070;MaigG;1-6-2014;2014;G;VIB;76;
MaigG_2014_071;MaigG;1-6-2014;2014;G;VIB;74;
MaigG_2014_072;MaigG;1-6-2014;2014;G;VIB;72;
MaigG_2014_073;MaigG;1-6-2014;2014;G;VIB;91;
MaigG_2014_074;MaigG;1-6-2014;2014;G;VIB;69;
MaigG_2014_075;MaigG;1-6-2014;2014;G;VIB;72;
MaigG_2014_076;MaigG;1-6-2014;2014;G;VIB;69;
MaigG_2014_077;MaigG;1-6-2014;2014;G;VIB;71;
MaigG_2014_078;MaigG;1-6-2014;2014;G;VIB;70;
MaigG_2014_079;MaigG;1-6-2014;2014;G;VIB;73;
MaigG_2014_080;MaigG;1-6-2014;2014;G;VIB;72;
MaigG_2014_081;MaigG;1-6-2014;2014;G;VIB;75;
MaigG_2014_082;MaigG;1-6-2014;2014;G;VIB;69;
MaigG_2014_083;MaigG;1-6-2014;2014;G;VIB;70;
MaigG_2014_084;MaigG;1-6-2014;2014;G;VIB;72;
MaigG_2014_085;MaigG;1-6-2014;2014;G;VIB;77;
MaigG_2014_086;MaigG;1-6-2014;2014;G;VIB;69;
MaigG_2014_087;MaigG;1-6-2014;2014;G;VIB;72;
MaigG_2014_088;MaigG;1-6-2014;2014;G;VIB;70;
MaigG_2014_089;MaigG;1-6-2014;2014;G;VIA4;67;
MaigG_2014_090;MaigG;1-6-2014;2014;G;VIA4;67;
MaigG_2014_091;MaigG;1-6-2014;2014;G;VIB;77;
MaigG_2014_092;MaigG;1-6-2014;2014;G;VIB;73;
MaigG_2014_093;MaigG;1-6-2014;2014;G;VIB;71;
MaigG_2014_094;MaigG;1-6-2014;2014;G;VIB;74;
MaigG_2014_095;MaigG;1-6-2014;2014;G;VIB;74;
MaigG_2014_096;MaigG;1-6-2014;2014;G;VIA4;71;
MaigG_2014_097;MaigG;1-6-2014;2014;G;VIB;73;
MaigG_2014_098;MaigG;1-6-2014;2014;G;VIB;70;
MaigG_2014_099;MaigG;1-6-2014;2014;G;VIB;70;
MaigG_2014_100;MaigG;1-6-2014;2014;G;VIB;74;
MaigG_2014_101;MaigG;1-6-2014;2014;G;;69;
MaigG_2014_102;MaigG;1-6-2014;2014;G;;72;
MaigG_2014_103;MaigG;1-6-2014;2014;G;;73;
MaigG_2014_104;MaigG;1-6-2014;2014;G;;74;
MaigG_2014_105;MaigG;1-6-2014;2014;G;;72;
MaigG_2014_106;MaigG;1-6-2014;2014;G;;76;
MaigG_2014_107;MaigG;1-6-2014;2014;G;;70;
MaigG_2014_108;MaigG;1-6-2014;2014;G;;76;
MaigG_2014_109;MaigG;1-6-2014;2014;G;;71;
MaigG_2014_110;MaigG;1-6-2014;2014;G;;67;
MaigG_2014_111;MaigG;1-6-2014;2014;G;;71;
MaigG_2014_112;MaigG;1-6-2014;2014;G;;67;
MaigG_2014_113;MaigG;1-6-2014;2014;G;;69;
MaigG_2014_114;MaigG;1-6-2014;2014;G;;70;
MaigG_2014_115;MaigG;1-6-2014;2014;G;;67;
MaigG_2014_116;MaigG;1-6-2014;2014;G;;73;
MaigG_2014_117;MaigG;1-6-2014;2014;G;;72;
MaigG_2014_118;MaigG;1-6-2014;2014;G;;70;
MaigG_2014_119;MaigG;1-6-2014;2014;G;;73;
MaigG_2014_120;MaigG;1-6-2014;2014;G;;72;
MaigG_2014_121;MaigG;1-6-2014;2014;G;;72;
MaigG_2014_122;MaigG;1-6-2014;2014;G;;68;
MaigG_2014_123;MaigG;1-6-2014;2014;G;;68;
MaigG_2014_124;MaigG;1-6-2014;2014;G;;67;
MaigG_2014_125;MaigG;1-6-2014;2014;G;;65;
MaigG_2014_126;MaigG;1-6-2014;2014;G;;71;
MaigG_2014_127;MaigG;1-6-2014;2014;G;;72;
MaigG_2014_128;MaigG;1-6-2014;2014;G;;74;
MaigG_2014_129;MaigG;1-6-2014;2014;G;;72;
MaigG_2014_130;MaigG;1-6-2014;2014;G;;72;
MaigG_2014_131;MaigG;1-6-2014;2014;G;;74;
MaigG_2014_132;MaigG;1-6-2014;2014;G;;68;
MaigG_2014_133;MaigG;1-6-2014;2014;G;;68;
MaigG_2014_134;MaigG;1-6-2014;2014;G;;63;
MaigG_2014_135;MaigG;1-6-2014;2014;G;;65;
MaigG_2014_136;MaigG;1-6-2014;2014;G;;64;
MaigG_2014_137;MaigG;1-6-2014;2014;G;;63;
MaigG_2014_138;MaigG;1-6-2014;2014;G;;63;
MaigG_2014_139;MaigG;1-6-2014;2014;G;;70;
MaigG_2014_140;MaigG;1-6-2014;2014;G;;71;
MaigG_2014_141;MaigG;1-6-2014;2014;G;;72;
MaigG_2014_142;MaigG;1-6-2014;2014;G;;75;
MaigG_2014_143;MaigG;1-6-2014;2014;G;;75;
MaigG_2014_144;MaigG;1-6-2014;2014;G;;73;
MaigG_2014_145;MaigG;1-6-2014;2014;G;;72;
MaigG_2014_146;MaigG;1-6-2014;2014;G;;72;
MaigG_2014_147;MaigG;1-6-2014;2014;G;;63;
MaigG_2014_148;MaigG;1-6-2014;2014;G;;86;
MaigG_2014_149;MaigG;1-6-2014;2014;G;;75;
MaigG_2014_150;MaigG;1-6-2014;2014;G;;67;
MaigG_2014_151;MaigG;1-6-2014;2014;G;;64;
MaigG_2014_152;MaigG;1-6-2014;2014;G;;70;
MaigG_2014_153;MaigG;1-6-2014;2014;G;;68;
MaigG_2014_154;MaigG;1-6-2014;2014;G;;66;
MaigG_2014_155;MaigG;1-6-2014;2014;G;;75;
MaigG_2014_156;MaigG;1-6-2014;2014;G;;72;
MaigG_2014_157;MaigG;1-6-2014;2014;G;;68;
MaigG_2014_158;MaigG;1-6-2014;2014;G;;70;
MaigG_2014_159;MaigG;1-6-2014;2014;G;;76;
MaigG_2014_160;MaigG;1-6-2014;2014;G;;68;
MaigG_2014_161;MaigG;1-6-2014;2014;G;;72;
MaigG_2014_162;MaigG;1-6-2014;2014;G;;72;
MaigG_2014_163;MaigG;1-6-2014;2014;G;;67;
MaigG_2014_164;MaigG;1-6-2014;2014;G;;70;
MaigG_2014_165;MaigG;1-6-2014;2014;G;;72;
MaigG_2014_166;MaigG;1-6-2014;2014;G;;66;
MaigG_2014_167;MaigG;1-6-2014;2014;G;;66;
MaigG_2014_168;MaigG;1-6-2014;2014;G;;82;
MaigG_2014_169;MaigG;1-6-2014;2014;G;;72;
MaigG_2014_170;MaigG;1-6-2014;2014;G;;77;
MaigG_2014_171;MaigG;1-6-2014;2014;G;;68;
MaigG_2014_172;MaigG;1-6-2014;2014;G;;70;
MaigG_2014_173;MaigG;1-6-2014;2014;G;;74;
MaigG_2014_174;MaigG;1-6-2014;2014;G;;70;
MaigG_2014_175;MaigG;1-6-2014;2014;G;;71;
MaigG_2014_176;MaigG;1-6-2014;2014;G;;70;
MaigG_2014_177;MaigG;1-6-2014;2014;G;;70;
MaigG_2014_178;MaigG;1-6-2014;2014;G;;68;
MaigG_2014_179;MaigG;1-6-2014;2014;G;;68;
MaigG_2014_180;MaigG;1-6-2014;2014;G;;68;
MaigG_2014_181;MaigG;1-6-2014;2014;G;;69;
MaigG_2014_182;MaigG;1-6-2014;2014;G;;70;
MaigG_2014_183;MaigG;1-6-2014;2014;G;;65;
MaigG_2014_184;MaigG;1-6-2014;2014;G;;76;
MaigG_2014_185;MaigG;1-6-2014;2014;G;;73;
MaigG_2014_186;MaigG;1-6-2014;2014;G;;75;
MaigG_2014_187;MaigG;1-6-2014;2014;G;;72;
MaigG_2014_188;MaigG;1-6-2014;2014;G;;72;
MaigG_2014_189;MaigG;1-6-2014;2014;G;;70;
MaigG_2014_190;MaigG;1-6-2014;2014;G;;75;
MaigG_2014_191;MaigG;1-6-2014;2014;G;;70;
MaigG_2014_192;MaigG;1-6-2014;2014;G;;70;
MaigG_2014_193;MaigG;1-6-2014;2014;G;;72;
MaigG_2014_194;MaigG;1-6-2014;2014;G;;68;
MaigG_2014_195;MaigG;1-6-2014;2014;G;;75;
MaigG_2014_196;MaigG;1-6-2014;2014;G;;72;
MaigG_2014_197;MaigG;1-6-2014;2014;G;;73;
MaigG_2014_198;MaigG;1-6-2014;2014;G;;71;
MaigG_2014_199;MaigG;1-6-2014;2014;G;;74;
MaigG_2014_200;MaigG;1-6-2014;2014;G;;70;
MaigG_2014_201;MaigG;1-6-2014;2014;G;;68;
MaigG_2014_202;MaigG;1-6-2014;2014;G;;72;
MaigG_2014_203;MaigG;1-6-2014;2014;G;;80;
MaigG_2014_204;MaigG;1-6-2014;2014;G;;70;
MaigG_2014_205;MaigG;1-6-2014;2014;G;;73;
MaigG_2014_206;MaigG;1-6-2014;2014;G;;67;
MaigG_2014_207;MaigG;1-6-2014;2014;G;;68;
MaigG_2014_208;MaigG;1-6-2014;2014;G;;64;
MaigG_2014_209;MaigG;1-6-2014;2014;G;;70;
MaigG_2014_210;MaigG;1-6-2014;2014;G;;68;
MaigG_2014_211;MaigG;1-6-2014;2014;G;;68;
MaigG_2014_212;MaigG;1-6-2014;2014;G;;70;
MaigG_2014_213;MaigG;1-6-2014;2014;G;;67;
MaigG_2014_214;MaigG;1-6-2014;2014;G;;86;
MaigG_2014_215;MaigG;1-6-2014;2014;G;;69;
MaigG_2014_216;MaigG;1-6-2014;2014;G;;73;
MaigG_2014_217;MaigG;1-6-2014;2014;G;;71;
MaigG_2014_218;MaigG;1-6-2014;2014;G;;71;
MaigG_2014_219;MaigG;1-6-2014;2014;G;;74;
MaigG_2014_220;MaigG;1-6-2014;2014;G;;68;
MaigG_2014_221;MaigG;1-6-2014;2014;G;;64;
MaigG_2014_222;MaigG;1-6-2014;2014;G;;68;
MaigG_2014_223;MaigG;1-6-2014;2014;G;;70;
MaigG_2014_224;MaigG;1-6-2014;2014;G;;73;
MaigG_2014_225;MaigG;1-6-2014;2014;G;;64;
MaigG_2014_226;MaigG;1-6-2014;2014;G;;70;
MaigG_2014_227;MaigG;1-6-2014;2014;G;;71;
MaigG_2014_228;MaigG;1-6-2014;2014;G;;66;
MaigG_2014_229;MaigG;1-6-2014;2014;G;;66;
MaigG_2014_230;MaigG;1-6-2014;2014;G;;64;
MaigG_2014_231;MaigG;1-6-2014;2014;G;;70;
MaigG_2014_232;MaigG;1-6-2014;2014;G;;73;
MaigG_2014_233;MaigG;1-6-2014;2014;G;;71;
MaigG_2014_234;MaigG;1-6-2014;2014;G;;73;
MaigG_2014_235;MaigG;1-6-2014;2014;G;;73;
MaigG_2014_236;MaigG;1-6-2014;2014;G;;68;
MaigG_2014_237;MaigG;1-6-2014;2014;G;;70;
MaigG_2014_238;MaigG;1-6-2014;2014;G;;70;
MaigG_2014_239;MaigG;1-6-2014;2014;G;;65;
MaigG_2014_240;MaigG;1-6-2014;2014;G;;71;
MaigG_2014_241;MaigG;1-6-2014;2014;G;;68;
MaigG_2014_242;MaigG;1-6-2014;2014;G;;77;
MaigG_2014_243;MaigG;1-6-2014;2014;G;;84;
MaigG_2014_244;MaigG;1-6-2014;2014;G;;90;
MaigG_2014_245;MaigG;1-6-2014;2014;G;;71;
MaigG_2014_246;MaigG;1-6-2014;2014;G;;74;
MaigG_2014_247;MaigG;1-6-2014;2014;G;;75;
MaigG_2014_248;MaigG;1-6-2014;2014;G;;71;
MaigG_2014_249;MaigG;1-6-2014;2014;G;;72;
MaigG_2014_250;MaigG;1-6-2014;2014;G;;65;
MaigG_2014_251;MaigG;1-6-2014;2014;G;;68;
MaigG_2014_252;MaigG;1-6-2014;2014;G;;68;
MaigG_2014_253;MaigG;1-6-2014;2014;G;;74;
MaigG_2014_254;MaigG;1-6-2014;2014;G;;72;
MaigG_2014_255;MaigG;1-6-2014;2014;G;;68;
MaigG_2014_256;MaigG;1-6-2014;2014;G;;78;
MaigG_2014_257;MaigG;1-6-2014;2014;G;;64;
MaigG_2014_258;MaigG;1-6-2014;2014;G;;66;
MaigG_2014_259;MaigG;1-6-2014;2014;G;;70;
MaigG_2014_260;MaigG;1-6-2014;2014;G;;69;
MaigG_2014_261;MaigG;1-6-2014;2014;G;;69;
MaigG_2014_262;MaigG;1-6-2014;2014;G;;64;
MaigG_2014_263;MaigG;1-6-2014;2014;G;;62;
MaigG_2014_264;MaigG;1-6-2014;2014;G;;74;
MaigG_2014_265;MaigG;1-6-2014;2014;G;;72;
MaigG_2014_266;MaigG;1-6-2014;2014;G;;68;
MaigG_2014_267;MaigG;1-6-2014;2014;G;;74;
MaigG_2014_268;MaigG;1-6-2014;2014;G;;73;
MaigG_2014_269;MaigG;1-6-2014;2014;G;;77;
MaigG_2014_270;MaigG;1-6-2014;2014;G;;99;
MaigG_2014_271;MaigG;1-6-2014;2014;G;;68;
MaigG_2014_272;MaigG;1-6-2014;2014;G;;69;
MaigG_2014_273;MaigG;1-6-2014;2014;G;;80;
MaigG_2014_274;MaigG;1-6-2014;2014;G;;72;
MaigG_2014_275;MaigG;1-6-2014;2014;G;;72;
MaigG_2014_276;MaigG;1-6-2014;2014;G;;65;
MaigG_2014_277;MaigG;1-6-2014;2014;G;;71;
MaigG_2014_278;MaigG;1-6-2014;2014;G;;70;
MaigG_2014_279;MaigG;1-6-2014;2014;G;;74;
MaigG_2014_280;MaigG;1-6-2014;2014;G;;74;
MaigG_2014_281;MaigG;1-6-2014;2014;G;;74;
MaigG_2014_282;MaigG;1-6-2014;2014;G;;79;
MaigG_2014_283;MaigG;1-6-2014;2014;G;;73;
MaigG_2014_284;MaigG;1-6-2014;2014;G;;75;
MaigG_2014_285;MaigG;1-6-2014;2014;G;;75;
MaigG_2014_286;MaigG;1-6-2014;2014;G;;73;
MaigG_2014_287;MaigG;1-6-2014;2014;G;;75;
MaigG_2014_288;MaigG;1-6-2014;2014;G;;63;
MaigG_2014_289;MaigG;1-6-2014;2014;G;;73;
MaigG_2014_290;MaigG;1-6-2014;2014;G;;72;
MaigG_2014_291;MaigG;1-6-2014;2014;G;;72;
MaigG_2014_292;MaigG;1-6-2014;2014;G;;73;
MaigG_2014_293;MaigG;1-6-2014;2014;G;;72;
MaigG_2014_294;MaigG;1-6-2014;2014;G;;70;
MaigG_2014_295;MaigG;1-6-2014;2014;G;;71;
MaigG_2014_296;MaigG;1-6-2014;2014;G;;71;
MaigG_2014_297;MaigG;1-6-2014;2014;G;;70;
MaigG_2014_298;MaigG;1-6-2014;2014;G;;68;
MaigG_2014_299;MaigG;1-6-2014;2014;G;;66;
MaigG_2014_300;MaigG;1-6-2014;2014;G;;71;
MaigG_2014_301;MaigG;1-6-2014;2014;G;;83;
MaigG_2014_302;MaigG;1-6-2014;2014;G;;74;
MaigG_2014_303;MaigG;1-6-2014;2014;G;;73;
MaigG_2014_304;MaigG;1-6-2014;2014;G;;71;
MaigG_2014_305;MaigG;1-6-2014;2014;G;;72;
MaigG_2014_306;MaigG;1-6-2014;2014;G;;68;
MaigG_2014_307;MaigG;1-6-2014;2014;G;;69;
MaigG_2014_308;MaigG;1-6-2014;2014;G;;73;
MaigG_2014_309;MaigG;1-6-2014;2014;G;;73;
MaigG_2014_310;MaigG;1-6-2014;2014;G;;76;
MaigG_2014_311;MaigG;1-6-2014;2014;G;;74;
MaigG_2014_312;MaigG;1-6-2014;2014;G;;68;
MaigG_2014_313;MaigG;1-6-2014;2014;G;;65;
MaigG_2014_314;MaigG;1-6-2014;2014;G;;65;
MaigG_2014_315;MaigG;1-6-2014;2014;G;;66;
MaigG_2014_316;MaigG;1-6-2014;2014;G;;68;
MaigG_2014_317;MaigG;1-6-2014;2014;G;;68;
MaigG_2014_318;MaigG;1-6-2014;2014;G;;72;
MaigG_2014_319;MaigG;1-6-2014;2014;G;;66;
MaigG_2014_320;MaigG;1-6-2014;2014;G;;72;
MaigG_2014_321;MaigG;1-6-2014;2014;G;;75;
MaigG_2014_322;MaigG;1-6-2014;2014;G;;63;
MaigG_2014_323;MaigG;1-6-2014;2014;G;;74;
MaigG_2014_324;MaigG;1-6-2014;2014;G;;68;
MaigG_2014_325;MaigG;1-6-2014;2014;G;;62;
MaigG_2014_326;MaigG;1-6-2014;2014;G;;62;
MaigG_2014_327;MaigG;1-6-2014;2014;G;;70;
MaigG_2014_328;MaigG;1-6-2014;2014;G;;68;
MaigG_2014_329;MaigG;1-6-2014;2014;G;;71;
MaigG_2014_330;MaigG;1-6-2014;2014;G;;74;
MaigG_2014_331;MaigG;1-6-2014;2014;G;;66;
MaigG_2014_332;MaigG;1-6-2014;2014;G;;64;
MaigG_2014_333;MaigG;1-6-2014;2014;G;;74;
MaigG_2014_334;MaigG;1-6-2014;2014;G;;78;
MaigG_2014_335;MaigG;1-6-2014;2014;G;;66;
MaigG_2014_336;MaigG;1-6-2014;2014;G;;72;
MaigG_2014_337;MaigG;1-6-2014;2014;G;;70;
MaigG_2014_338;MaigG;1-6-2014;2014;G;;70;
MaigG_2014_339;MaigG;1-6-2014;2014;G;;70;
MaigG_2014_340;MaigG;1-6-2014;2014;G;;76;
MaigG_2014_341;MaigG;1-6-2014;2014;G;;71;
MaigG_2014_342;MaigG;1-6-2014;2014;G;;73;
MaigG_2014_343;MaigG;1-6-2014;2014;G;;83;
MaigG_2014_344;MaigG;1-6-2014;2014;G;;74;
MaigG_2014_345;MaigG;1-6-2014;2014;G;;69;
MaigG_2014_346;MaigG;1-6-2014;2014;G;;71;
MaigG_2014_347;MaigG;1-6-2014;2014;G;;73;
MaigG_2014_348;MaigG;1-6-2014;2014;G;;77;
MaigG_2014_349;MaigG;1-6-2014;2014;G;;72;
MaigG_2014_350;MaigG;1-6-2014;2014;G;;70;
MaigG_2014_351;MaigG;1-6-2014;2014;G;;76;
MaigG_2014_352;MaigG;1-6-2014;2014;G;;71;
MaigG_2014_353;MaigG;1-6-2014;2014;G;;68;
MaigG_2014_354;MaigG;1-6-2014;2014;G;;66;
MaigG_2014_355;MaigG;1-6-2014;2014;G;;75;
MaigG_2014_356;MaigG;1-6-2014;2014;G;;70;
MaigG_2014_357;MaigG;1-6-2014;2014;G;;73;
MaigG_2014_358;MaigG;1-6-2014;2014;G;;73;
MaigG_2014_359;MaigG;1-6-2014;2014;G;;78;
MaigG_2014_360;MaigG;1-6-2014;2014;G;;75;
MaigG_2014_361;MaigG;1-6-2014;2014;G;;68;
MaigG_2014_362;MaigG;1-6-2014;2014;G;;68;
MaigG_2014_363;MaigG;1-6-2014;2014;G;;68;
MaigG_2014_364;MaigG;1-6-2014;2014;G;;78;
MaigG_2014_365;MaigG;1-6-2014;2014;G;;75;
MaigG_2014_366;MaigG;1-6-2014;2014;G;;97;
MaigG_2014_367;MaigG;1-6-2014;2014;G;;66;
MaigG_2014_368;MaigG;1-6-2014;2014;G;;64;
MaigG_2014_369;MaigG;1-6-2014;2014;G;;71;
MaigG_2014_370;MaigG;1-6-2014;2014;G;;68;
MaigG_2014_371;MaigG;1-6-2014;2014;G;;77;
MaigG_2014_372;MaigG;1-6-2014;2014;G;;70;
MaigG_2014_373;MaigG;1-6-2014;2014;G;;74;
MaigG_2014_374;MaigG;1-6-2014;2014;G;;68;
MaigG_2014_375;MaigG;1-6-2014;2014;G;;65;
MaigG_2014_376;MaigG;1-6-2014;2014;G;;69;
MaigG_2014_377;MaigG;1-6-2014;2014;G;;73;
MaigG_2014_378;MaigG;1-6-2014;2014;G;;70;
MaigG_2014_379;MaigG;1-6-2014;2014;G;;72;
MaigG_2014_380;MaigG;1-6-2014;2014;G;;66;
MaigG_2014_381;MaigG;1-6-2014;2014;G;;66;
MaigG_2014_382;MaigG;1-6-2014;2014;G;;68;
MaigG_2014_383;MaigG;1-6-2014;2014;G;;70;
MaigG_2014_384;MaigG;1-6-2014;2014;G;;72;
MaigG_2014_385;MaigG;1-6-2014;2014;G;;63;
MaigG_2014_386;MaigG;1-6-2014;2014;G;;90;
MaigG_2014_387;MaigG;1-6-2014;2014;G;;65;
MaigG_2014_388;MaigG;1-6-2014;2014;G;;66;
MaigG_2014_389;MaigG;1-6-2014;2014;G;;70;
MaigG_2014_390;MaigG;1-6-2014;2014;G;;64;
MaigG_2014_391;MaigG;1-6-2014;2014;G;;72;
MaigG_2014_392;MaigG;1-6-2014;2014;G;;66;
MaigG_2014_393;MaigG;1-6-2014;2014;G;;66;
MaigG_2014_394;MaigG;1-6-2014;2014;G;;72;
MaigG_2015_395;MaigG;11-6-2015;2015;G;VIA4;72;
MaigG_2015_396;MaigG;11-6-2015;2015;G;VIB;73;
MaigG_2015_397;MaigG;11-6-2015;2015;G;VIA3;76;
MaigG_2015_398;MaigG;11-6-2015;2015;G;VIA3;71;
MaigG_2015_399;MaigG;11-6-2015;2015;G;VIA4;69;
MaigG_2015_400;MaigG;11-6-2015;2015;G;VIA4;70;
MaigG_2015_401;MaigG;11-6-2015;2015;G;VIA4;71;
MaigG_2015_402;MaigG;11-6-2015;2015;G;VIB;71;
MaigG_2015_403;MaigG;11-6-2015;2015;G;VIB;75;
MaigG_2015_404;MaigG;11-6-2015;2015;G;VIB;67;
MaigG_2015_405;MaigG;11-6-2015;2015;G;VIB;65;
MaigG_2015_406;MaigG;11-6-2015;2015;G;VIA3;72;
MaigG_2015_407;MaigG;11-6-2015;2015;G;VIA3;74;
MaigG_2015_408;MaigG;11-6-2015;2015;G;VIA3;65;
MaigG_2015_409;MaigG;11-6-2015;2015;G;VIA4;73;
MaigG_2015_410;MaigG;11-6-2015;2015;G;VIB;78;
MaigG_2015_411;MaigG;11-6-2015;2015;G;VIB;66;
MaigG_2015_412;MaigG;11-6-2015;2015;G;VIB;67;
MaigG_2015_413;MaigG;11-6-2015;2015;G;VIB;74;
MaigG_2015_414;MaigG;11-6-2015;2015;G;VIB;71;
MaigG_2015_415;MaigG;11-6-2015;2015;G;VIB;71;
MaigG_2015_416;MaigG;11-6-2015;2015;G;VIB;71;
MaigG_2015_417;MaigG;11-6-2015;2015;G;VIB;71;
MaigG_2015_418;MaigG;11-6-2015;2015;G;VIB;80;
MaigG_2015_419;MaigG;11-6-2015;2015;G;VIB;73;
MaigG_2015_420;MaigG;11-6-2015;2015;G;VIB;71;
MaigG_2015_421;MaigG;11-6-2015;2015;G;VIB;76;
MaigG_2015_422;MaigG;11-6-2015;2015;G;VIA4;71;
MaigG_2015_423;MaigG;11-6-2015;2015;G;VIA4;67;
MaigG_2015_424;MaigG;11-6-2015;2015;G;VIA4;71;
MaigG_2015_425;MaigG;11-6-2015;2015;G;VIA3;69;
MaigG_2015_426;MaigG;11-6-2015;2015;G;VIA4;68;
MaigG_2015_427;MaigG;11-6-2015;2015;G;VIB;74;
MaigG_2015_428;MaigG;11-6-2015;2015;G;VIA3;70;
MaigG_2015_429;MaigG;11-6-2015;2015;G;VIB;71;
MaigG_2015_430;MaigG;11-6-2015;2015;G;VIA4;71;
MaigG_2015_431;MaigG;11-6-2015;2015;G;VIB;68;
MaigG_2015_432;MaigG;11-6-2015;2015;G;VIB;68;
MaigG_2015_433;MaigG;11-6-2015;2015;G;VIB;73;
MaigG_2015_434;MaigG;11-6-2015;2015;G;VIB;75;
MaigG_2015_435;MaigG;11-6-2015;2015;G;VIA3;69;
MaigG_2015_436;MaigG;11-6-2015;2015;G;VIB;69;
MaigG_2015_437;MaigG;11-6-2015;2015;G;VIB;69;
MaigG_2015_438;MaigG;11-6-2015;2015;G;VIB;75;
MaigG_2015_439;MaigG;11-6-2015;2015;G;VIB;75;
MaigG_2015_440;MaigG;11-6-2015;2015;G;VIB;76;
MaigG_2015_441;MaigG;11-6-2015;2015;G;VIA4;73;
MaigG_2015_442;MaigG;11-6-2015;2015;G;VIB;72;
MaigG_2015_443;MaigG;11-6-2015;2015;G;VIB;74;
MaigG_2015_444;MaigG;11-6-2015;2015;G;VIB;77;
CorGY_2015_001;CorGY;24-6-2015;2015;G;VIB;75;
CorGY_2015_002;CorGY;24-6-2015;2015;G;VIB;65;
CorGY_2015_003;CorGY;24-6-2015;2015;G;VIB;71;
CorGY_2015_004;CorGY;24-6-2015;2015;G;VIA4;62;
CorGY_2015_005;CorGY;24-6-2015;2015;G;VIB;71;
CorGY_2015_006;CorGY;24-6-2015;2015;G;VIB;69;
CorGY_2015_007;CorGY;24-6-2015;2015;G;VIB;69;
CorGY_2015_008;CorGY;24-6-2015;2015;G;VIB;69;
CorGY_2015_009;CorGY;24-6-2015;2015;G;VIB;66;
CorGY_2015_010;CorGY;24-6-2015;2015;G;VIB;72;
CorGY_2015_011;CorGY;24-6-2015;2015;G;VIB;65;
CorGY_2015_012;CorGY;24-6-2015;2015;G;VIB;75;
CorGY_2015_013;CorGY;24-6-2015;2015;G;VIA4;72;
CorGY_2015_014;CorGY;24-6-2015;2015;G;VIB;67;
CorGY_2015_015;CorGY;24-6-2015;2015;G;VIB;68;
CorGY_2015_016;CorGY;24-6-2015;2015;G;VIB;69;
CorGY_2015_017;CorGY;24-6-2015;2015;G;VIB;72;
CorGY_2015_018;CorGY;24-6-2015;2015;G;VIB;70;
CorGY_2015_019;CorGY;24-6-2015;2015;G;VIB;72;
CorGY_2015_020;CorGY;24-6-2015;2015;G;VIA4;68;
CorGY_2015_021;CorGY;24-6-2015;2015;G;VIB;68;
CorGY_2015_022;CorGY;24-6-2015;2015;G;VIB;69;
CorGY_2015_023;CorGY;24-6-2015;2015;G;VIB;64;
CorGY_2015_024;CorGY;24-6-2015;2015;G;VIA4;71;
CorGY_2015_025;CorGY;24-6-2015;2015;G;VIB;71;
CorGY_2015_026;CorGY;24-6-2015;2015;G;VIB;79;
CorGY_2015_027;CorGY;24-6-2015;2015;G;VIB;74;
CorGY_2015_028;CorGY;24-6-2015;2015;G;VIB;67;
CorGY_2015_029;CorGY;24-6-2015;2015;G;VIA4;65;
CorGY_2015_030;CorGY;24-6-2015;2015;G;VIB;72;
CorGY_2015_031;CorGY;24-6-2015;2015;G;VIA4;70;
CorGY_2015_032;CorGY;24-6-2015;2015;G;VIB;60;
CorGY_2015_033;CorGY;24-6-2015;2015;G;VIB;74;
CorGY_2015_034;CorGY;24-6-2015;2015;G;VIA4;67;
CorGY_2015_035;CorGY;24-6-2015;2015;G;VIB;73;
CorGY_2015_036;CorGY;24-6-2015;2015;G;VIA4;69;
CorGY_2015_037;CorGY;24-6-2015;2015;G;VIA4;68;
CorGY_2015_038;CorGY;24-6-2015;2015;G;VIA4;65;
CorGY_2015_039;CorGY;24-6-2015;2015;G;VIA4;65;
CorGY_2015_040;CorGY;24-6-2015;2015;G;VIB;75;
CorGY_2015_041;CorGY;24-6-2015;2015;G;VIA4;72;
CorGY_2015_042;CorGY;24-6-2015;2015;G;VIB;71;
CorGY_2015_043;CorGY;24-6-2015;2015;G;VIB;69;
CorGY_2015_044;CorGY;24-6-2015;2015;G;VIA4;67;
CorGY_2015_045;CorGY;24-6-2015;2015;G;VIB;73;
CorGY_2015_046;CorGY;24-6-2015;2015;G;VIB;69;
CorGY_2015_047;CorGY;24-6-2015;2015;G;VIB;76;
CorGY_2015_048;CorGY;24-6-2015;2015;G;VIB;69;
CorGY_2015_049;CorGY;24-6-2015;2015;G;VIB;73;
CorGY_2015_050;CorGY;24-6-2015;2015;G;VIB;65;
CorGY_2015_051;CorGY;24-6-2015;2015;G;VIB;70;
CorGY_2017_052;CorGY;6-7-2017;2017;G;;76;
CorGY_2017_053;CorGY;6-7-2017;2017;G;;79;
CorGY_2017_054;CorGY;6-7-2017;2017;G;;76;
CorGY_2017_055;CorGY;6-7-2017;2017;G;;77;
CorGY_2017_056;CorGY;6-7-2017;2017;G;;64;
CorGY_2017_057;CorGY;6-7-2017;2017;G;;75;
CorGY_2017_058;CorGY;6-7-2017;2017;G;;76;
CorGY_2017_059;CorGY;6-7-2017;2017;G;;75;
CorGY_2017_060;CorGY;6-7-2017;2017;G;;70;
CorGY_2017_061;CorGY;6-7-2017;2017;G;;68;
CorGY_2017_062;CorGY;6-7-2017;2017;G;;68;
CorGY_2017_063;CorGY;6-7-2017;2017;G;;77;
CorGY_2017_064;CorGY;6-7-2017;2017;G;;73;
CorGY_2017_065;CorGY;6-7-2017;2017;G;;69;
CorGY_2017_066;CorGY;6-7-2017;2017;G;;71;
CorGY_2018_067;CorGY;6-7-2018;2018;G;;68;0.359
CorGY_2018_068;CorGY;6-7-2018;2018;G;;70;0.339
CorGY_2018_069;CorGY;6-7-2018;2018;G;;70;0.401
CorGY_2018_070;CorGY;6-7-2018;2018;G;;74;0.534
CorGY_2018_071;CorGY;6-7-2018;2018;G;;67;0.316
CorGY_2018_072;CorGY;6-7-2018;2018;G;;66;0.358
CorGY_2018_073;CorGY;6-7-2018;2018;G;;64;0.377
CorGY_2018_074;CorGY;6-7-2018;2018;G;;66;0.334
CorGY_2018_075;CorGY;6-7-2018;2018;G;;70;0.506
CorGY_2018_076;CorGY;6-7-2018;2018;G;;67;0.356
CorGY_2018_077;CorGY;6-7-2018;2018;G;;69;0.331
CorGY_2018_078;CorGY;6-7-2018;2018;G;;70;0.391
CorGY_2018_079;CorGY;6-7-2018;2018;G;;63;0.313
CorGY_2018_080;CorGY;6-7-2018;2018;G;;79;0.65
CorGY_2018_081;CorGY;6-7-2018;2018;G;;71;0.438
CorGY_2018_082;CorGY;6-7-2018;2018;G;;72;0.336
CorGY_2018_083;CorGY;6-7-2018;2018;G;;61;0.301
CorGY_2018_084;CorGY;6-7-2018;2018;G;;69;0.341
CorGY_2024_085;CorGY;27-6-2024;2024;G;;68;
CorGY_2024_086;CorGY;27-6-2024;2024;G;;72;
CorGY_2024_087;CorGY;27-6-2024;2024;G;;74;
CorGY_2024_088;CorGY;27-6-2024;2024;G;;80;
CorGY_2024_089;CorGY;27-6-2024;2024;G;;72;
CorGY_2024_090;CorGY;27-6-2024;2024;G;;68;
CorGY_2024_091;CorGY;27-6-2024;2024;G;;71;
CorGY_2024_092;CorGY;27-6-2024;2024;G;;74;
CorGY_2024_093;CorGY;27-6-2024;2024;G;;72;
CorGY_2024_094;CorGY;27-6-2024;2024;G;;74;
CorGY_2024_095;CorGY;27-6-2024;2024;G;;74;
CorGY_2024_096;CorGY;27-6-2024;2024;G;;73;
CorGY_2024_097;CorGY;27-6-2024;2024;G;;65;
CorGY_2024_098;CorGY;27-6-2024;2024;G;;68;
CorGY_2024_099;CorGY;27-6-2024;2024;G;;69;
CorGY_2024_100;CorGY;27-6-2024;2024;G;;72;
CorGY_2024_101;CorGY;27-6-2024;2024;G;;68;
CorGY_2024_102;CorGY;27-6-2024;2024;G;;65;
CorGY_2024_103;CorGY;27-6-2024;2024;G;;68;
CorGY_2024_104;CorGY;27-6-2024;2024;G;;71;
CorGY_2024_105;CorGY;27-6-2024;2024;G;;72;
CorGY_2024_106;CorGY;27-6-2024;2024;G;;70;
CorGY_2024_107;CorGY;27-6-2024;2024;G;;74;
CorGY_2024_108;CorGY;27-6-2024;2024;G;;76;
CorGY_2024_109;CorGY;27-6-2024;2024;G;;79;
CorGY_2024_110;CorGY;27-6-2024;2024;G;;72;
CorGY_2024_111;CorGY;27-6-2024;2024;G;;66;
CorGY_2024_112;CorGY;27-6-2024;2024;G;;71;
CorGY_2024_113;CorGY;27-6-2024;2024;G;;70;
CorGY_2024_114;CorGY;27-6-2024;2024;G;;72;
CorGY_2024_115;CorGY;27-6-2024;2024;G;;71;
CorGY_2024_116;CorGY;27-6-2024;2024;G;;79;
CorGY_2024_117;CorGY;27-6-2024;2024;G;;72;
CorGY_2024_118;CorGY;27-6-2024;2024;G;;110;
CorGY_2024_119;CorGY;27-6-2024;2024;G;;50;
FealGY_2015_001;FealGY;10-6-2015;2015;G;VIA4;72;
FealGY_2015_002;FealGY;10-6-2015;2015;G;VIA4;72;
FealGY_2015_003;FealGY;10-6-2015;2015;G;VIA4;74;
FealGY_2015_004;FealGY;10-6-2015;2015;G;VIA4;71;
FealGY_2015_005;FealGY;10-6-2015;2015;G;VIB;84;
FealGY_2015_006;FealGY;10-6-2015;2015;G;VIA4;69;
FealGY_2015_007;FealGY;10-6-2015;2015;G;VIB;72;
FealGY_2015_008;FealGY;10-6-2015;2015;G;VIB;83;
FealGY_2015_009;FealGY;10-6-2015;2015;G;VIA4;69;
FealGY_2015_010;FealGY;10-6-2015;2015;G;VIA4;75;
FealGY_2015_011;FealGY;10-6-2015;2015;G;VIA4;65;
FealGY_2015_012;FealGY;10-6-2015;2015;G;VIA4;77;
FealGY_2015_013;FealGY;10-6-2015;2015;G;VIB;77;
FealGY_2015_014;FealGY;10-6-2015;2015;G;VIB;82;
FealGY_2015_015;FealGY;10-6-2015;2015;G;VIA4;73;
FealGY_2015_016;FealGY;10-6-2015;2015;G;VIA4;75;
FealGY_2015_017;FealGY;10-6-2015;2015;G;VIB;77;
FealGY_2015_018;FealGY;10-6-2015;2015;G;VIB;82;
FealGY_2015_019;FealGY;10-6-2015;2015;G;VIB;79;
FealGY_2015_020;FealGY;10-6-2015;2015;G;VIB;71;
FealGY_2015_021;FealGY;10-6-2015;2015;G;VIB;76;
FealGY_2015_022;FealGY;10-6-2015;2015;G;VIB;72;
FealGY_2015_023;FealGY;10-6-2015;2015;G;VIB;88;
FealGY_2015_024;FealGY;10-6-2015;2015;G;VIB;72;
FealGY_2015_025;FealGY;10-6-2015;2015;G;VIB;75;
FealGY_2015_026;FealGY;10-6-2015;2015;G;VIB;76;
FealGY_2015_027;FealGY;10-6-2015;2015;G;VIB;75;
FealGY_2015_028;FealGY;10-6-2015;2015;G;VIB;91;
FealGY_2015_029;FealGY;10-6-2015;2015;G;VIB;62;
FealGY_2015_030;FealGY;10-6-2015;2015;G;VIB;82;
FealGY_2015_031;FealGY;10-6-2015;2015;G;VIB;67;
FealGY_2015_032;FealGY;10-6-2015;2015;G;VIB;87;
FealGY_2015_033;FealGY;10-6-2015;2015;G;VIB;87;
FealGY_2015_034;FealGY;10-6-2015;2015;G;VIB;72;
FealGY_2015_035;FealGY;10-6-2015;2015;G;VIB;73;
FealGY_2015_036;FealGY;10-6-2015;2015;G;VIB;74;
FealGY_2015_037;FealGY;10-6-2015;2015;G;VIA4;73;
FealGY_2015_038;FealGY;10-6-2015;2015;G;VIB;75;
FealGY_2015_039;FealGY;10-6-2015;2015;G;VIB;71;
FealGY_2015_040;FealGY;10-6-2015;2015;G;VIB;72;
FealGY_2015_041;FealGY;10-6-2015;2015;G;VIB;74;
FealGY_2015_042;FealGY;10-6-2015;2015;G;VIB;79;
FealGY_2015_043;FealGY;10-6-2015;2015;G;VIA4;73;
FealGY_2015_044;FealGY;10-6-2015;2015;G;VIB;72;
FealGY_2015_045;FealGY;10-6-2015;2015;G;VIB;76;
FealGY_2015_046;FealGY;10-6-2015;2015;G;VIA4;74;
FealGY_2015_047;FealGY;10-6-2015;2015;G;VIA4;75;
FealGY_2015_048;FealGY;10-6-2015;2015;G;VIB;76;
FealGY_2015_049;FealGY;10-6-2015;2015;G;VIB;72;
FealGY_2015_050;FealGY;10-6-2015;2015;G;VIB;73;
FealGY_2017_051;FealGY;5-7-2017;2017;G;;69;
FealGY_2017_052;FealGY;5-7-2017;2017;G;;71;
FealGY_2017_053;FealGY;5-7-2017;2017;G;;67;
FealGY_2017_054;FealGY;5-7-2017;2017;G;;82;
FealGY_2017_055;FealGY;5-7-2017;2017;G;;73;
FealGY_2017_056;FealGY;5-7-2017;2017;G;;80;
FealGY_2017_057;FealGY;5-7-2017;2017;G;;75;
FealGY_2017_058;FealGY;5-7-2017;2017;G;;71;
FealGY_2017_059;FealGY;5-7-2017;2017;G;;67;
FealGY_2017_060;FealGY;5-7-2017;2017;G;;70;
FealGY_2017_061;FealGY;5-7-2017;2017;G;;67;
FealGY_2018_062;FealGY;31-5-2018;2018;G;;63;0.226
FealGY_2018_063;FealGY;31-5-2018;2018;G;;66;0.269
FealGY_2018_064;FealGY;31-5-2018;2018;G;;74;0.37
FealGY_2018_065;FealGY;31-5-2018;2018;G;;77;0.396
FealGY_2018_066;FealGY;31-5-2018;2018;G;;73;0.36
FealGY_2018_067;FealGY;31-5-2018;2018;G;;74;0.434
FealGY_2018_068;FealGY;31-5-2018;2018;G;;69;0.301
FealGY_2018_069;FealGY;31-5-2018;2018;G;;68;0.311
FealGY_2018_070;FealGY;31-5-2018;2018;G;;65;0.268
FealGY_2018_071;FealGY;31-5-2018;2018;G;;70;0.26
FealGY_2018_072;FealGY;31-5-2018;2018;G;;74;0.352
FealGY_2018_073;FealGY;31-5-2018;2018;G;;71;0.323
FealGY_2018_074;FealGY;31-5-2018;2018;G;;72;0.383
FealGY_2018_075;FealGY;31-5-2018;2018;G;;67;0.273
FealGY_2018_076;FealGY;31-5-2018;2018;G;;71;0.326
FealGY_2018_077;FealGY;31-5-2018;2018;G;;72;0.308
FealGY_2018_078;FealGY;31-5-2018;2018;G;;67;0.298
FealGY_2018_079;FealGY;31-5-2018;2018;G;;69;0.275
FealGY_2018_080;FealGY;31-5-2018;2018;G;;69;0.337
FealGY_2018_081;FealGY;31-5-2018;2018;G;;70;0.373
FealGY_2019_082;FealGY;27-5-2019;2019;G;;137;2.995
FealGY_2019_083;FealGY;27-5-2019;2019;G;;171;6.719
FealGY_2019_084;FealGY;27-5-2019;2019;G;;138;2.499
FealGY_2019_085;FealGY;27-5-2019;2019;G;;174;6.498
FealGY_2019_086;FealGY;27-5-2019;2019;G;;173;7.143
FealGY_2019_087;FealGY;27-5-2019;2019;G;;136;2.715
FealGY_2019_088;FealGY;27-5-2019;2019;G;;191;8.348
FealGY_2019_089;FealGY;27-5-2019;2019;G;;138;2.995
FealGY_2019_090;FealGY;27-5-2019;2019;G;;141;3.241
FealGY_2019_091;FealGY;27-5-2019;2019;G;;151;3.873
InagG_2015_001;InagG;10-6-2015;2015;G;VIB;75;
InagG_2015_002;InagG;10-6-2015;2015;G;VIB;80;
InagG_2015_003;InagG;10-6-2015;2015;G;VIA4;72;
InagG_2015_004;InagG;10-6-2015;2015;G;VIB;65;
InagG_2015_005;InagG;10-6-2015;2015;G;VIB;70;
InagG_2015_006;InagG;10-6-2015;2015;G;VIB;72;
InagG_2015_007;InagG;10-6-2015;2015;G;VIB;78;
InagG_2015_008;InagG;10-6-2015;2015;G;VIB;71;
InagG_2015_009;InagG;10-6-2015;2015;G;VIB;67;
InagG_2015_010;InagG;10-6-2015;2015;G;VIB;72;
InagG_2015_011;InagG;10-6-2015;2015;G;VIB;72;
InagG_2015_012;InagG;10-6-2015;2015;G;VIA4;67;
InagG_2015_013;InagG;10-6-2015;2015;G;VIA4;86;
InagG_2015_014;InagG;10-6-2015;2015;G;VIB;73;
InagG_2015_015;InagG;10-6-2015;2015;G;VIB;66;
InagG_2015_016;InagG;10-6-2015;2015;G;VIB;64;
InagG_2015_017;InagG;10-6-2015;2015;G;VIB;75;
InagG_2015_018;InagG;10-6-2015;2015;G;VIB;73;
InagG_2015_019;InagG;10-6-2015;2015;G;VIB;66;
InagG_2015_020;InagG;10-6-2015;2015;G;VIB;68;
InagG_2015_021;InagG;10-6-2015;2015;G;VIB;66;
InagG_2015_022;InagG;10-6-2015;2015;G;VIB;67;
InagG_2015_023;InagG;10-6-2015;2015;G;VIB;70;
InagG_2015_024;InagG;10-6-2015;2015;G;VIB;72;
InagG_2015_025;InagG;10-6-2015;2015;G;VIB;72;
InagG_2015_026;InagG;10-6-2015;2015;G;VIB;64;
InagG_2015_027;InagG;10-6-2015;2015;G;VIB;76;
InagG_2015_028;InagG;10-6-2015;2015;G;VIB;68;
InagG_2015_029;InagG;10-6-2015;2015;G;VIA4;68;
InagG_2015_030;InagG;10-6-2015;2015;G;VIB;70;
InagG_2015_031;InagG;10-6-2015;2015;G;VIB;73;
InagG_2015_032;InagG;10-6-2015;2015;G;VIB;65;
InagG_2015_033;InagG;10-6-2015;2015;G;VIB;70;
InagG_2015_034;InagG;10-6-2015;2015;G;VIB;74;
InagG_2015_035;InagG;10-6-2015;2015;G;VIB;68;
InagG_2015_036;InagG;10-6-2015;2015;G;VIB;65;
InagG_2015_037;InagG;10-6-2015;2015;G;VIB;71;
InagG_2015_038;InagG;10-6-2015;2015;G;VIB;71;
InagG_2015_039;InagG;10-6-2015;2015;G;VIB;74;
InagG_2015_040;InagG;10-6-2015;2015;G;VIB;72;
InagG_2015_041;InagG;10-6-2015;2015;G;VIB;68;
InagG_2015_042;InagG;10-6-2015;2015;G;VIB;74;
InagG_2015_043;InagG;10-6-2015;2015;G;VIB;72;
InagG_2015_044;InagG;10-6-2015;2015;G;VIA4;67;
InagG_2015_045;InagG;10-6-2015;2015;G;VIA4;69;
InagG_2015_046;InagG;10-6-2015;2015;G;VIB;75;
InagG_2015_047;InagG;10-6-2015;2015;G;VIA4;68;
InagG_2015_048;InagG;10-6-2015;2015;G;VIB;75;
InagG_2015_049;InagG;10-6-2015;2015;G;VIB;76;
InagG_2015_050;InagG;10-6-2015;2015;G;VIA4;68;
InagG_2018_051;InagG;30-5-2018;2018;G;;61;0.201
InagG_2018_052;InagG;30-5-2018;2018;G;;67;0.258
InagG_2018_053;InagG;30-5-2018;2018;G;;71;0.333
InagG_2018_054;InagG;30-5-2018;2018;G;;76;0.365
InagG_2018_055;InagG;30-5-2018;2018;G;;71;0.392
InagG_2018_056;InagG;30-5-2018;2018;G;;69;0.298
InagG_2018_057;InagG;30-5-2018;2018;G;;75;0.319
InagG_2018_058;InagG;30-5-2018;2018;G;;65;0.221
InagG_2018_059;InagG;30-5-2018;2018;G;;68;0.297
InagG_2018_060;InagG;30-5-2018;2018;G;;64;0.224
InagG_2018_061;InagG;30-5-2018;2018;G;;71;0.311
InagG_2018_062;InagG;30-5-2018;2018;G;;66;0.299
InagG_2018_063;InagG;30-5-2018;2018;G;;75;0.317
InagG_2018_064;InagG;30-5-2018;2018;G;;67;0.215
InagG_2018_065;InagG;30-5-2018;2018;G;;62;0.212
InagG_2018_066;InagG;30-5-2018;2018;G;;70;0.329
InagG_2018_067;InagG;30-5-2018;2018;G;;66;0.283
InagG_2018_068;InagG;30-5-2018;2018;G;;74;0.313
InagG_2018_069;InagG;30-5-2018;2018;G;;67;0.259
InagG_2018_070;InagG;30-5-2018;2018;G;;73;0.335
InagG_2018_071;InagG;30-5-2018;2018;G;;69;0.275
InagG_2018_072;InagG;30-5-2018;2018;G;;65;0.223
InagG_2018_073;InagG;30-5-2018;2018;G;;69;0.271
InagG_2019_074;InagG;30-5-2018;2019;G;;180;7.505
InagG_2019_075;InagG;30-5-2018;2019;G;;142;2.568
InagG_2019_076;InagG;30-5-2018;2019;G;;154;5.645
InagG_2019_077;InagG;30-5-2018;2019;G;;114;1.854
Liffey_28/03/2025_001;LiffGY;28-3-2025;2025;Y;;100;6
Liffey_07/04/2025_001;LiffGY;7-4-2025;2025;Y;;130;4
Liffey_15/04/2025_001;LiffGY;15-4-2025;2025;Y;;109;8
Liffey_15/04/2025_002;LiffGY;15-4-2025;2025;Y;;164;12
Liffey_15/04/2025_003;LiffGY;15-4-2025;2025;Y;;125;11
Liffey_15/04/2025_004;LiffGY;15-4-2025;2025;Y;;130;11
Liffey_30/04/2025_001;LiffGY;30-4-2025;2025;G;;62;0.5
Liffey_30/04/2025_002;LiffGY;30-4-2025;2025;G;;78;0.386
Liffey_30/04/2025_003;LiffGY;30-4-2025;2025;G;;72;0.59
Liffey_30/04/2025_004;LiffGY;30-4-2025;2025;G;;75;0.416
Liffey_30/04/2025_005;LiffGY;30-4-2025;2025;G;;72;0.211
Liffey_30/04/2025_006;LiffGY;30-4-2025;2025;G;;75;0.329
Liffey_30/04/2025_007;LiffGY;30-4-2025;2025;G;;76;0.428
Liffey_30/04/2025_008;LiffGY;30-4-2025;2025;G;;80;0.416
Liffey_30/04/2025_009;LiffGY;30-4-2025;2025;G;;69;0.268
Liffey_30/04/2025_010;LiffGY;30-4-2025;2025;G;;80;0.4
Liffey_30/04/2025_011;LiffGY;30-4-2025;2025;G;;72;0.323
Liffey_30/04/2025_012;LiffGY;30-4-2025;2025;G;;79;0.416
Liffey_30/04/2025_013;LiffGY;30-4-2025;2025;G;;75;0.326
Liffey_30/04/2025_014;LiffGY;30-4-2025;2025;G;;83;0.525
Liffey_06/05/2025_001;LiffGY;6-5-2025;2025;G;;72;0.383
Liffey_06/05/2025_002;LiffGY;6-5-2025;2025;G;;75;0.389
Liffey_06/05/2025_003;LiffGY;6-5-2025;2025;G;;72;0.319
Liffey_06/05/2025_004;LiffGY;6-5-2025;2025;Y;;103;2.9193
Liffey_14/05/2025_001;LiffGY;14-5-2025;2025;G;;61;0.328
Liffey_14/05/2025_002;LiffGY;14-5-2025;2025;G;;76;0.319
Liffey_14/05/2025_003;LiffGY;14-5-2025;2025;Y;;108;2.166
Liffey_14/05/2025_004;LiffGY;14-5-2025;2025;G;;82;0.796
Liffey_27/05/2025_001;LiffGY;27-5-2025;2025;G;;110;
Liffey_27/05/2025_002;LiffGY;27-5-2025;2025;G;;75;
Liffey_27/05/2025_003;LiffGY;27-5-2025;2025;G;;80;
Liffey_27/05/2025_004;LiffGY;27-5-2025;2025;G;;78;
Liffey_27/05/2025_005;LiffGY;27-5-2025;2025;G;;100;
Liffey_27/05/2025_006;LiffGY;27-5-2025;2025;G;;90;
Liffey_06/06/2025_001;LiffGY;6-6-2025;2025;Y;;100;1.596
Liffey_06/06/2025_002;LiffGY;6-6-2025;2025;Y;;180;7.756
Liffey_06/06/2025_003;LiffGY;6-6-2025;2025;Y;;120;1.76
Liffey_06/06/2025_004;LiffGY;6-6-2025;2025;Y;;95;1.631
Liffey_06/06/2025_005;LiffGY;6-6-2025;2025;Y;;145;5.171
Liffey_06/06/2025_006;LiffGY;6-6-2025;2025;G;;70;0.376
Liffey_06/06/2025_007;LiffGY;6-6-2025;2025;Y;;110;3.417
Liffey_06/06/2025_008;LiffGY;6-6-2025;2025;Y;;150;5.074
Liffey_06/06/2025_009;LiffGY;6-6-2025;2025;Y;;130;3.944
Liffey_06/06/2025_010;LiffGY;6-6-2025;2025;G;;80;0.582
Liffey_06/06/2025_011;LiffGY;6-6-2025;2025;Y;;150;4.692
Liffey_06/06/2025_012;LiffGY;6-6-2025;2025;Y;;160;5.963
Liffey_06/06/2025_013;LiffGY;6-6-2025;2025;Y;;170;10.289
Liffey_06/06/2025_014;LiffGY;6-6-2025;2025;Y;;240;23
Liffey_06/06/2025_015;LiffGY;6-6-2025;2025;Y;;180;9
Liffey_10/06/2025_001;LiffGY;10-6-2025;2025;G;;100;1.626
Liffey_10/06/2025_002;LiffGY;10-6-2025;2025;Y;;85;1.14
Liffey_18/06/2025_001;LiffGY;18-6-2025;2025;Y;;160;5.58
Liffey_18/06/2025_002;LiffGY;18-6-2025;2025;G;;80;0.611
Liffey_18/06/2025_003;LiffGY;18-6-2025;2025;Y;;130;2.786
Liffey_18/06/2025_004;LiffGY;18-6-2025;2025;G;;70;0.399
Liffey_18/06/2025_005;LiffGY;18-6-2025;2025;Y;;130;2.876
Liffey_18/06/2025_006;LiffGY;18-6-2025;2025;Y;;120;2.228
Liffey_18/06/2025_007;LiffGY;18-6-2025;2025;Y;;100;1.245
Liffey_18/06/2025_008;LiffGY;18-6-2025;2025;Y;;160;5.58
Liffey_18/06/2025_009;LiffGY;18-6-2025;2025;Y;;180;8.127
Liffey_18/06/2025_010;LiffGY;18-6-2025;2025;G;;85;0.741
Liffey_18/06/2025_011;LiffGY;18-6-2025;2025;G;;80;0.611
Liffey_18/06/2025_012;LiffGY;18-6-2025;2025;G;;90;0.889
Liffey_18/06/2025_013;LiffGY;18-6-2025;2025;Y;;120;2.228
Liffey_18/06/2025_014;LiffGY;18-6-2025;2025;G;;70;0.399
Liffey_18/06/2025_015;LiffGY;18-6-2025;2025;Y;;130;2.876
Liffey_18/06/2025_016;LiffGY;18-6-2025;2025;G;;65;0.315
Liffey_18/06/2025_017;LiffGY;18-6-2025;2025;Y;;170;6.771
Liffey_18/06/2025_018;LiffGY;18-6-2025;2025;G;;90;0.889
Liffey_18/06/2025_019;LiffGY;18-6-2025;2025;Y;;160;5.58
Liffey_18/06/2025_020;LiffGY;18-6-2025;2025;Y;;100;1.245
Liffey_18/06/2025_020;LiffGY;18-6-2025;2025;Y;;210;13.293
Liffey_18/06/2025_022;LiffGY;18-6-2025;2025;Y;;160;5.58
Liffey_18/06/2025_023;LiffGY;18-6-2025;2025;Y;;120;2.228
Liffey_18/06/2025_024;LiffGY;18-6-2025;2025;Y;;170;6.771
Liffey_18/06/2025_025;LiffGY;18-6-2025;2025;Y;;165;6.156
Liffey_18/06/2025_026;LiffGY;18-6-2025;2025;Y;;130;2.876
Liffey_18/06/2025_027;LiffGY;18-6-2025;2025;G;;70;0.399
Liffey_18/06/2025_028;LiffGY;18-6-2025;2025;G;;75;0.497
Liffey_18/06/2025_029;LiffGY;18-6-2025;2025;G;;80;0.611
Liffey_18/06/2025_030;LiffGY;18-6-2025;2025;G;;60;0.244
Liffey_18/06/2025_031;LiffGY;18-6-2025;2025;Y;;105;1.455
Liffey_18/06/2025_032;LiffGY;18-6-2025;2025;Y;;180;8.127
Liffey_18/06/2025_033;LiffGY;18-6-2025;2025;G;;80;0.611
Liffey_18/06/2025_034;LiffGY;18-6-2025;2025;G;;60;0.244
Liffey_18/06/2025_035;LiffGY;18-6-2025;2025;G;;70;0.399
Liffey_18/06/2025_036;LiffGY;18-6-2025;2025;Y;;130;2.876
Liffey_25/06/2025_001;LiffGY;25-6-2025;2025;G;;70;0.21
Liffey_25/06/2025_002;LiffGY;25-6-2025;2025;G;;85;0.3
Liffey_25/06/2025_003;LiffGY;25-6-2025;2025;G;;80;0.3
Liffey_25/06/2025_004;LiffGY;25-6-2025;2025;G;;80;0.108
Liffey_25/06/2025_005;LiffGY;25-6-2025;2025;G;;70;0.209
Liffey_25/06/2025_006;LiffGY;25-6-2025;2025;G;;70;0.108
Liffey_25/06/2025_007;LiffGY;25-6-2025;2025;G;;100;1.58
Liffey_25/06/2025_008;LiffGY;25-6-2025;2025;G;;60;0.12
Liffey_25/06/2025_009;LiffGY;25-6-2025;2025;G;;70;0.13
Liffey_25/06/2025_010;LiffGY;25-6-2025;2025;G;;65;0.5
Liffey_25/06/2025_011;LiffGY;25-6-2025;2025;G;;65;1.3
Liffey_25/06/2025_012;LiffGY;25-6-2025;2025;Y;;101.8;1.8
Liffey_25/06/2025_013;LiffGY;25-6-2025;2025;G;;100;0.43
Liffey_25/06/2025_014;LiffGY;25-6-2025;2025;G;;60;0.19
Liffey_25/06/2025_015;LiffGY;25-6-2025;2025;G;;80;0.21
Liffey_25/06/2025_016;LiffGY;25-6-2025;2025;G;;70;0.18
Liffey_25/06/2025_017;LiffGY;25-6-2025;2025;G;;80;0.28
Liffey_25/06/2025_018;LiffGY;25-6-2025;2025;G;;80;0.3
Liffey_25/06/2025_019;LiffGY;25-6-2025;2025;Y;;110;1.4
Liffey_26/06/2025_001;LiffGY;26-6-2025;2025;G;;80;0.41
Liffey_26/06/2025_002;LiffGY;26-6-2025;2025;G;;60;0.37
Liffey_26/06/2025_003;LiffGY;26-6-2025;2025;G;;90;0.4
Liffey_26/06/2025_004;LiffGY;26-6-2025;2025;G;;60;0.3
Liffey_26/06/2025_005;LiffGY;26-6-2025;2025;G;;70;0.2
Liffey_26/06/2025_006;LiffGY;26-6-2025;2025;G;;70;0.17
Liffey_26/06/2025_007;LiffGY;26-6-2025;2025;G;;50;0.24
Liffey_26/06/2025_008;LiffGY;26-6-2025;2025;G;;60;0.475
Liffey_26/06/2025_009;LiffGY;26-6-2025;2025;G;;70;0.12
Liffey_26/06/2025_010;LiffGY;26-6-2025;2025;G;;50;0.527
Liffey_26/06/2025_011;LiffGY;26-6-2025;2025;G;;90;0.569
Liffey_26/06/2025_012;LiffGY;26-6-2025;2025;G;;60;0.35
Liffey_26/06/2025_013;LiffGY;26-6-2025;2025;G;;60;0.35
Liffey_26/06/2025_014;LiffGY;26-6-2025;2025;G;;60;0.14
Liffey_26/06/2025_015;LiffGY;26-6-2025;2025;G;;100;0.104
Liffey_26/06/2025_016;LiffGY;26-6-2025;2025;G;;60;0.41
Liffey_26/06/2025_017;LiffGY;26-6-2025;2025;G;;70;0.41
Liffey_26/06/2025_018;LiffGY;26-6-2025;2025;G;;70;0.41
Liffey_26/06/2025_019;LiffGY;26-6-2025;2025;G;;70;0.375
Liffey_26/06/2025_020;LiffGY;26-6-2025;2025;G;;60;0.38
Liffey_26/06/2025_021;LiffGY;26-6-2025;2025;G;;70;0.31
Liffey_26/06/2025_022;LiffGY;26-6-2025;2025;G;;60;0.35
Liffey_26/06/2025_023;LiffGY;26-6-2025;2025;G;;60;0.35
Liffey_26/06/2025_024;LiffGY;26-6-2025;2025;G;;70;0.44
Liffey_26/06/2025_025;LiffGY;26-6-2025;2025;G;;60;0.34
Liffey_26/06/2025_026;LiffGY;26-6-2025;2025;G;;70;0.51
Liffey_26/06/2025_027;LiffGY;26-6-2025;2025;G;;60;0.38
Liffey_26/06/2025_028;LiffGY;26-6-2025;2025;G;;60;0.38
Liffey_26/06/2025_029;LiffGY;26-6-2025;2025;G;;60;0.367
Liffey_26/06/2025_030;LiffGY;26-6-2025;2025;G;;90;0.67
Liffey_26/06/2025_031;LiffGY;26-6-2025;2025;Y;;160;8.45
Liffey_26/06/2025_032;LiffGY;26-6-2025;2025;G;;100;1.55
Liffey_26/06/2025_033;LiffGY;26-6-2025;2025;G;;70;0.84
Liffey_26/06/2025_034;LiffGY;26-6-2025;2025;Y;;180;11.95
Liffey_26/06/2025_035;LiffGY;26-6-2025;2025;G;;60;0.32
Liffey_26/06/2025_036;LiffGY;26-6-2025;2025;G;;60;0.61
Liffey_26/06/2025_037;LiffGY;26-6-2025;2025;G;;80;0.4
Liffey_26/06/2025_038;LiffGY;26-6-2025;2025;G;;80;0.42
Liffey_26/06/2025_039;LiffGY;26-6-2025;2025;G;;70;0.73
Liffey_26/06/2025_040;LiffGY;26-6-2025;2025;G;;70;0.366
Liffey_26/06/2025_041;LiffGY;26-6-2025;2025;G;;100;1.46
Liffey_26/06/2025_042;LiffGY;26-6-2025;2025;G;;100;1.83
Liffey_26/06/2025_043;LiffGY;26-6-2025;2025;G;;60;0.33
Liffey_26/06/2025_044;LiffGY;26-6-2025;2025;G;;60;0.42
Liffey_26/06/2025_045;LiffGY;26-6-2025;2025;G;;80;0.3
Liffey_26/06/2025_046;LiffGY;26-6-2025;2025;G;;80;0.82
Liffey_03/07/2025_001;LiffGY;3-7-2025;2025;G;;70;0.348
Liffey_03/07/2025_002;LiffGY;3-7-2025;2025;Y;;150;4
Liffey_03/07/2025_003;LiffGY;3-7-2025;2025;Y;;110;0.982
Liffey_03/07/2025_004;LiffGY;3-7-2025;2025;G;;75;0.486
Liffey_03/07/2025_005;LiffGY;3-7-2025;2025;Y;;190;10
Liffey_03/07/2025_006;LiffGY;3-7-2025;2025;Y;;120;5
Liffey_03/07/2025_007;LiffGY;3-7-2025;2025;G;;65;0.322
Liffey_03/07/2025_008;LiffGY;3-7-2025;2025;Y;;160;5
Liffey_03/07/2025_009;LiffGY;3-7-2025;2025;Y;;130;2.3
Liffey_03/07/2025_010;LiffGY;3-7-2025;2025;G;;80;0.567
Liffey_03/07/2025_011;LiffGY;3-7-2025;2025;Y;;200;11
Liffey_14/07/2025_000;LiffGY;14-7-2025;2025;G;;60;0.5
Liffey_14/07/2025_002;LiffGY;14-7-2025;2025;G;;70;0.41
Liffey_14/07/2025_003;LiffGY;14-7-2025;2025;G;;60;0.2
Liffey_14/07/2025_004;LiffGY;14-7-2025;2025;G;;100;0.61
Liffey_14/07/2025_004;LiffGY;14-7-2025;2025;G;;70;0.34
Liffey_14/07/2025_005;LiffGY;14-7-2025;2025;G;;60;0.48
Liffey_14/07/2025_007;LiffGY;14-7-2025;2025;G;;70;7
Liffey_14/07/2025_008;LiffGY;14-7-2025;2025;G;;60;0.42
Liffey_14/07/2025_009;LiffGY;14-7-2025;2025;G;;60;0.31
Liffey_14/07/2025_010;LiffGY;14-7-2025;2025;G;;60;0.21
Liffey_14/07/2025_011;LiffGY;14-7-2025;2025;G;;60;0.2
Liffey_14/07/2025_012;LiffGY;14-7-2025;2025;G;;60;0.54
Liffey_14/07/2025_013;LiffGY;14-7-2025;2025;G;;60;0.48
Liffey_14/07/2025_014;LiffGY;14-7-2025;2025;G;;70;0.4
Liffey_14/07/2025_014;LiffGY;14-7-2025;2025;G;;70;0.5
Liffey_14/07/2025_015;LiffGY;14-7-2025;2025;G;;60;0.48
Liffey_14/07/2025_017;LiffGY;14-7-2025;2025;G;;70;0.52
Liffey_14/07/2025_017;LiffGY;14-7-2025;2025;G;;80;0.8
Liffey_14/07/2025_018;LiffGY;14-7-2025;2025;G;;80;1
Liffey_14/07/2025_020;LiffGY;14-7-2025;2025;G;;60;0.3
Liffey_14/07/2025_021;LiffGY;14-7-2025;2025;G;;80;1
Liffey_14/07/2025_022;LiffGY;14-7-2025;2025;G;;70;0.96
Liffey_14/07/2025_022;LiffGY;14-7-2025;2025;G;;50;0.36
Liffey_14/07/2025_023;LiffGY;14-7-2025;2025;G;;70;0.42
Liffey_14/07/2025_024;LiffGY;14-7-2025;2025;G;;70;0.34
Liffey_14/07/2025_026;LiffGY;14-7-2025;2025;G;;50;0.2
Liffey_14/07/2025_027;LiffGY;14-7-2025;2025;G;;70;0.5
Liffey_14/07/2025_028;LiffGY;14-7-2025;2025;G;;50;0.23
Liffey_14/07/2025_028;LiffGY;14-7-2025;2025;G;;60;0.32
Liffey_14/07/2025_030;LiffGY;14-7-2025;2025;G;;35;7
Liffey_14/07/2025_031;LiffGY;14-7-2025;2025;G;;60;3.5
Liffey_14/07/2025_032;LiffGY;14-7-2025;2025;G;;70;3.5
Liffey_14/07/2025_032;LiffGY;14-7-2025;2025;G;;70;0.45
Liffey_14/07/2025_034;LiffGY;14-7-2025;2025;G;;50;0.26
Liffey_14/07/2025_035;LiffGY;14-7-2025;2025;G;;70;0.36
Liffey_14/07/2025_036;LiffGY;14-7-2025;2025;G;;70;0.5
Liffey_14/07/2025_037;LiffGY;14-7-2025;2025;G;;60;0.38
Liffey_14/07/2025_038;LiffGY;14-7-2025;2025;G;;50;0.31
Liffey_14/07/2025_039;LiffGY;14-7-2025;2025;G;;80;0.46
Liffey_14/07/2025_039;LiffGY;14-7-2025;2025;G;;50;0.14
Liffey_14/07/2025_041;LiffGY;14-7-2025;2025;G;;60;0.4
Liffey_14/07/2025_042;LiffGY;14-7-2025;2025;G;;70;0.33
Liffey_14/07/2025_043;LiffGY;14-7-2025;2025;G;;60;0.36
Liffey_14/07/2025_044;LiffGY;14-7-2025;2025;G;;80;1
Liffey_14/07/2025_045;LiffGY;14-7-2025;2025;G;;70;0.32
Liffey_14/07/2025_045;LiffGY;14-7-2025;2025;G;;0;0.4
Liffey_14/07/2025_046;LiffGY;14-7-2025;2025;G;;100;1.69
Liffey_14/07/2025_048;LiffGY;14-7-2025;2025;G;;0;0.96
Liffey_14/07/2025_048;LiffGY;14-7-2025;2025;G;;70;0.56
Liffey_14/07/2025_050;LiffGY;14-7-2025;2025;G;;60;0.4
Liffey_14/07/2025_051;LiffGY;14-7-2025;2025;G;;60;0.4
Liffey_14/07/2025_052;LiffGY;14-7-2025;2025;G;;80;0.42
Liffey_14/07/2025_053;LiffGY;14-7-2025;2025;G;;80;0.8
Liffey_14/07/2025_054;LiffGY;14-7-2025;2025;G;;70;0.68
Liffey_14/07/2025_055;LiffGY;14-7-2025;2025;G;;140;1.7
Inagh_08/07/2025_001;LiffGY;8-7-2025;2025;G;;65;0.254
Inagh_08/07/2025_002;LiffGY;8-7-2025;2025;G;;70;0.3571
Inagh_08/07/2025_003;LiffGY;8-7-2025;2025;G;;92;1.18
Inagh_08/07/2025_004;LiffGY;8-7-2025;2025;G;;65;0.134
Inagh_08/07/2025_005;LiffGY;8-7-2025;2025;G;;66;0.203
Inagh_08/07/2025_006;LiffGY;8-7-2025;2025;G;;68;0.375
Inagh_08/07/2025_007;LiffGY;8-7-2025;2025;G;;64;0.344
Inagh_08/07/2025_008;LiffGY;8-7-2025;2025;G;;76;0.1636
Inagh_08/07/2025_009;LiffGY;8-7-2025;2025;G;;70;0.397
Inagh_08/07/2025_010;LiffGY;8-7-2025;2025;G;;70;0.483
Inagh_08/07/2025_011;LiffGY;8-7-2025;2025;G;;70;0.198
Inagh_08/07/2025_012;LiffGY;8-7-2025;2025;G;;62;0.148
Inagh_08/07/2025_013;LiffGY;8-7-2025;2025;G;;64;0.372
Inagh_08/07/2025_014;LiffGY;8-7-2025;2025;G;;65;0.234
Inagh_08/07/2025_015;LiffGY;8-7-2025;2025;G;;68;0.157
Inagh_08/07/2025_016;LiffGY;8-7-2025;2025;G;;59;0.221
Corrib_07/07/2025_001;LiffGY;7-7-2025;2025;G;;70;0.344
Corrib_07/07/2025_002;LiffGY;7-7-2025;2025;G;;55;0.56
Corrib_07/07/2025_003;LiffGY;7-7-2025;2025;G;;92;0.307
Corrib_07/07/2025_004;LiffGY;7-7-2025;2025;G;;78;1.234
Corrib_07/07/2025_005;LiffGY;7-7-2025;2025;G;;80;1.465
Corrib_07/07/2025_006;LiffGY;7-7-2025;2025;G;;75;0.439
Corrib_07/07/2025_007;LiffGY;7-7-2025;2025;G;;82;0.763
Corrib_07/07/2025_008;LiffGY;7-7-2025;2025;G;;80;0.872
Corrib_07/07/2025_009;LiffGY;7-7-2025;2025;G;;80;0.81
Corrib_07/07/2025_010;LiffGY;7-7-2025;2025;G;;100;1.151
Corrib_07/07/2025_011;LiffGY;7-7-2025;2025;G;;80;0.587
Corrib_07/07/2025_012;LiffGY;7-7-2025;2025;G;;80;0.601
Corrib_07/07/2025_013;LiffGY;7-7-2025;2025;G;;80;0.671
Corrib_07/07/2025_014;LiffGY;7-7-2025;2025;G;;75;0.554
Corrib_07/07/2025_015;LiffGY;7-7-2025;2025;G;;65;0.406
Corrib_07/07/2025_016;LiffGY;7-7-2025;2025;G;;62;0.397
Corrib_07/07/2025_017;LiffGY;7-7-2025;2025;G;;85;0.706
Corrib_07/07/2025_018;LiffGY;7-7-2025;2025;G;;75;0.607
Corrib_07/07/2025_019;LiffGY;7-7-2025;2025;G;;78;0.701
Corrib_07/07/2025_020;LiffGY;7-7-2025;2025;G;;95;0.644
Corrib_07/07/2025_021;LiffGY;7-7-2025;2025;G;;74;0.89
Corrib_07/07/2025_022;LiffGY;7-7-2025;2025;G;;83;0.813
Corrib_07/07/2025_023;LiffGY;7-7-2025;2025;G;;80;0.649
Corrib_07/07/2025_024;LiffGY;7-7-2025;2025;G;;91;1.1
Corrib_07/07/2025_025;LiffGY;7-7-2025;2025;G;;80;0.624
Corrib_07/07/2025_026;LiffGY;7-7-2025;2025;G;;84;0.587
Corrib_07/07/2025_027;LiffGY;7-7-2025;2025;G;;95;0.812
Corrib_07/07/2025_028;LiffGY;7-7-2025;2025;G;;70;0.432
Corrib_07/07/2025_029;LiffGY;7-7-2025;2025;G;;72;0.834
Corrib_07/07/2025_030;LiffGY;7-7-2025;2025;G;;90;0.789
Corrib_07/07/2025_031;LiffGY;7-7-2025;2025;G;;60;0.328
Corrib_07/07/2025_032;LiffGY;7-7-2025;2025;G;;90;0.745
Corrib_07/07/2025_033;LiffGY;7-7-2025;2025;G;;70;0.346
Corrib_07/07/2025_034;LiffGY;7-7-2025;2025;G;;75;0.213
Corrib_07/07/2025_035;LiffGY;7-7-2025;2025;G;;95;0.901
Corrib_07/07/2025_036;LiffGY;7-7-2025;2025;G;;90;0.649
Corrib_07/07/2025_037;LiffGY;7-7-2025;2025;G;;90;0.779
Corrib_07/07/2025_038;LiffGY;7-7-2025;2025;G;;70;0.417
Corrib_07/07/2025_039;LiffGY;7-7-2025;2025;G;;80;0.575
Corrib_07/07/2025_040;LiffGY;7-7-2025;2025;G;;90;1.098
Corrib_07/07/2025_041;LiffGY;7-7-2025;2025;G;;65;0.401
Corrib_07/07/2025_042;LiffGY;7-7-2025;2025;G;;70;0.333
Corrib_07/07/2025_043;LiffGY;7-7-2025;2025;G;;70;0.496
Corrib_07/07/2025_044;LiffGY;7-7-2025;2025;G;;80;0.403
Corrib_07/07/2025_045;LiffGY;7-7-2025;2025;G;;71;0.482
Corrib_07/07/2025_046;LiffGY;7-7-2025;2025;G;;70;0.411
Corrib_07/07/2025_047;LiffGY;7-7-2025;2025;G;;60;0.423
Corrib_07/07/2025_048;LiffGY;7-7-2025;2025;G;;72;0.394
Corrib_07/07/2025_049;LiffGY;7-7-2025;2025;G;;75;0.522
Corrib_07/07/2025_050;LiffGY;7-7-2025;2025;G;;80;0.363
Corrib_07/07/2025_051;LiffGY;7-7-2025;2025;Y;;190;7
Corrib_07/07/2025_052;LiffGY;7-7-2025;2025;Y;;250;18
Corrib_07/07/2025_053;LiffGY;7-7-2025;2025;Y;;160;7
Corrib_07/07/2025_054;LiffGY;7-7-2025;2025;Y;;190;9
Corrib_07/07/2025_055;LiffGY;7-7-2025;2025;Y;;150;6
Corrib_07/07/2025_056;LiffGY;7-7-2025;2025;Y;;110;3
Corrib_07/07/2025_057;LiffGY;7-7-2025;2025;Y;;130;4
Corrib_07/07/2025_058;LiffGY;7-7-2025;2025;Y;;170;11
Corrib_07/07/2025_059;LiffGY;7-7-2025;2025;Y;;120;6
Corrib_07/07/2025_060;LiffGY;7-7-2025;2025;Y;;160;7
Corrib_07/07/2025_061;LiffGY;7-7-2025;2025;Y;;165;8
Corrib_07/07/2025_062;LiffGY;7-7-2025;2025;Y;;130;4
Corrib_07/07/2025_063;LiffGY;7-7-2025;2025;Y;;150;8
Corrib_07/07/2025_064;LiffGY;7-7-2025;2025;Y;;180;5
Corrib_07/07/2025_065;LiffGY;7-7-2025;2025;Y;;165;4
Corrib_07/07/2025_066;LiffGY;7-7-2025;2025;Y;;200;10
Corrib_07/07/2025_067;LiffGY;7-7-2025;2025;Y;;160;5
Corrib_07/07/2025_068;LiffGY;7-7-2025;2025;Y;;200;9
Corrib_07/07/2025_069;LiffGY;7-7-2025;2025;Y;;130;4
Corrib_07/07/2025_070;LiffGY;7-7-2025;2025;Y;;170;5
Liffey_17/07/2025_001;LiffGY;17-7-2025;2025;G;;71;0.303
Liffey_17/07/2025_002;LiffGY;17-7-2025;2025;G;;75;0.44
Liffey_17/07/2025_003;LiffGY;17-7-2025;2025;G;;77;0.525
Liffey_17/07/2025_004;LiffGY;17-7-2025;2025;G;;69;0.287
Liffey_17/07/2025_005;LiffGY;17-7-2025;2025;G;;81;0.56
Liffey_17/07/2025_006;LiffGY;17-7-2025;2025;G;;75;0.437
Liffey_17/07/2025_007;LiffGY;17-7-2025;2025;G;;75;0.381
Liffey_17/07/2025_008;LiffGY;17-7-2025;2025;G;;76;0.495
Liffey_17/07/2025_009;LiffGY;17-7-2025;2025;G;;78;0.419
Liffey_17/07/2025_010;LiffGY;17-7-2025;2025;G;;69;0.295
Liffey_17/07/2025_011;LiffGY;17-7-2025;2025;Y;;181;9
Liffey_17/07/2025_012;LiffGY;17-7-2025;2025;Y;;175;9
Liffey_17/07/2025_012;LiffGY;17-7-2025;2025;Y;;181;7
Liffey_17/07/2025_014;LiffGY;17-7-2025;2025;Y;;118;3
Liffey_29/07/2025_001;LiffGY;29-7-2025;2025;G;;90;0.054
Liffey_29/07/2025_002;LiffGY;29-7-2025;2025;G;;95;1.023
Liffey_29/07/2025_003;LiffGY;29-7-2025;2025;G;;80;0.579
Liffey_29/07/2025_004;LiffGY;29-7-2025;2025;G;;70;0.449
Liffey_29/07/2025_005;LiffGY;29-7-2025;2025;G;;95;0.935
Liffey_29/07/2025_006;LiffGY;29-7-2025;2025;G;;80;0.543
Liffey_29/07/2025_007;LiffGY;29-7-2025;2025;G;;100;1.2
Liffey_29/07/2025_008;LiffGY;29-7-2025;2025;G;;75;0.385
Liffey_29/07/2025_009;LiffGY;29-7-2025;2025;G;;95;0.792
Liffey_29/07/2025_010;LiffGY;29-7-2025;2025;G;;90;1.2
Liffey_29/07/2025_011;LiffGY;29-7-2025;2025;Y;;110;2
Liffey_29/07/2025_012;LiffGY;29-7-2025;2025;Y;;135;4
Liffey_29/07/2025_013;LiffGY;29-7-2025;2025;Y;;150;6
Liffey_29/07/2025_014;LiffGY;29-7-2025;2025;Y;;180;8
Liffey_29/07/2025_015;LiffGY;29-7-2025;2025;Y;;150;8
Liffey_29/07/2025_016;LiffGY;29-7-2025;2025;Y;;175;9
Liffey_29/07/2025_017;LiffGY;29-7-2025;2025;Y;;175;12
Liffey_29/07/2025_018;LiffGY;29-7-2025;2025;Y;;135;14
Liffey_29/07/2025_019;LiffGY;29-7-2025;2025;Y;;140;11
Liffey_29/07/2025_020;LiffGY;29-7-2025;2025;Y;;110;12
Liffey_06/08/2025_001;LiffGY;6-8-2025;2025;G;;80;0.473
Liffey_06/08/2025_002;LiffGY;6-8-2025;2025;G;;70;0.448
Liffey_06/08/2025_003;LiffGY;6-8-2025;2025;G;;60;0.422
Liffey_06/08/2025_004;LiffGY;6-8-2025;2025;G;;70;0.516
Liffey_06/08/2025_005;LiffGY;6-8-2025;2025;G;;70;0.43
Liffey_06/08/2025_006;LiffGY;6-8-2025;2025;G;;70;0.44
Liffey_06/08/2025_007;LiffGY;6-8-2025;2025;G;;70;0.63
Liffey_06/08/2025_008;LiffGY;6-8-2025;2025;G;;80;0.559
Liffey_06/08/2025_009;LiffGY;6-8-2025;2025;G;;80;0.661
Liffey_06/08/2025_010;LiffGY;6-8-2025;2025;G;;60;0.59
Liffey_06/08/2025_011;LiffGY;6-8-2025;2025;G;;70;0.736
Liffey_06/08/2025_012;LiffGY;6-8-2025;2025;G;;130;3.922
Liffey_13/08/2025_001;LiffGY;13-8-2025;2025;G;;70;0.5
Liffey_13/08/2025_002;LiffGY;13-8-2025;2025;G;;70;0.4
Liffey_13/08/2025_003;LiffGY;13-8-2025;2025;G;;70;0.6
Liffey_13/08/2025_004;LiffGY;13-8-2025;2025;G;;70;0.38
Liffey_13/08/2025_005;LiffGY;13-8-2025;2025;G;;140;3.5
Liffey_13/08/2025_006;LiffGY;13-8-2025;2025;G;;130;4.61
Liffey_13/08/2025_007;LiffGY;13-8-2025;2025;G;;50;0.3
Liffey_13/08/2025_008;LiffGY;13-8-2025;2025;G;;60;0.35
Liffey_13/08/2025_009;LiffGY;13-8-2025;2025;G;;60;0.48
Liffey_13/08/2025_010;LiffGY;13-8-2025;2025;G;;60;0.43
Liffey_13/08/2025_011;LiffGY;13-8-2025;2025;G;;160;10.53
Liffey_13/08/2025_012;LiffGY;13-8-2025;2025;G;;60;0.41
Liffey_13/08/2025_013;LiffGY;13-8-2025;2025;G;;50;0.42
Liffey_13/08/2025_014;LiffGY;13-8-2025;2025;G;;60;0.52
Liffey_13/08/2025_015;LiffGY;13-8-2025;2025;G;;60;0.35
Liffey_13/08/2025_016;LiffGY;13-8-2025;2025;G;;130;4
Liffey_13/08/2025_017;LiffGY;13-8-2025;2025;G;;60;0.53
Liffey_13/08/2025_018;LiffGY;13-8-2025;2025;G;;70;0.52
Liffey_13/08/2025_019;LiffGY;13-8-2025;2025;G;;160;14.32
Liffey_21/08/2025_001;LiffGY;21-8-2025;2025;G;;160;11.52
Liffey_21/08/2025_002;LiffGY;21-8-2025;2025;G;;80;0.79
Liffey_21/08/2025_003;LiffGY;21-8-2025;2025;Y;;60;0.26
Liffey_21/08/2025_004;LiffGY;21-8-2025;2025;G;;160;5
Liffey_21/08/2025_005;LiffGY;21-8-2025;2025;G;;100;1
Liffey_21/08/2025_006;LiffGY;21-8-2025;2025;G;;60;0.463
Liffey_21/08/2025_007;LiffGY;21-8-2025;2025;G;;60;0.5
Liffey_21/08/2025_008;LiffGY;21-8-2025;2025;G;;60;0.31
Liffey_21/08/2025_009;LiffGY;21-8-2025;2025;G;;60;0.43
Liffey_21/08/2025_010;LiffGY;21-8-2025;2025;G;;60;0.3
Liffey_28/08/2025_001;LiffGY;28-8-2025;2025;G;;72;0.645
Liffey_28/08/2025_002;LiffGY;28-8-2025;2025;Y;;104;1.582
Liffey_28/08/2025_003;LiffGY;28-8-2025;2025;G;;65;0.405
Liffey_28/08/2025_004;LiffGY;28-8-2025;2025;G;;80;0.46
Liffey_28/08/2025_005;LiffGY;28-8-2025;2025;G;;85;0.494
Liffey_28/08/2025_006;LiffGY;28-8-2025;2025;Y;;170;5
Liffey_28/08/2025_007;LiffGY;28-8-2025;2025;G;;75;0.594
Liffey_28/08/2025_008;LiffGY;28-8-2025;2025;Y;;190;13
Liffey_28/08/2025_009;LiffGY;28-8-2025;2025;Y;;250;165
BdareG_001;BdareG;6-7-2017;2017;G;;70;
BdareG_002;BdareG;6-7-2017;2017;G;;89;
BdareG_003;BdareG;6-7-2017;2017;G;;60;
BdareG_004;BdareG;6-7-2017;2017;G;;88;
BdareG_005;BdareG;6-7-2017;2017;G;;67;
BdareG_006;BdareG;6-7-2017;2017;G;;69;
BdareG_007;BdareG;6-7-2017;2017;G;;65;
BdareG_008;BdareG;6-7-2017;2017;G;;68;
BdareG_009;BdareG;6-7-2017;2017;Y;;126;
BdareG_010;BdareG;8-5-2018;2018;G;VII;81;0.47
BdareG_011;BdareG;8-5-2018;2018;G;VII;71;0.31
BdareG_012;BdareG;8-5-2018;2018;G;VIA4;68;0.26
BdareG_013;BdareG;8-5-2018;2018;G;VII;71;0.33
BdareG_014;BdareG;8-5-2018;2018;G;VII;64;0.38
BdareG_015;BdareG;8-5-2018;2018;G;VII;66;0.35
BdareG_016;BdareG;8-5-2018;2018;G;VII;74;0.45
BdareG_017;BdareG;8-5-2018;2018;G;VII;73;0.34
BdareG_018;BdareG;8-5-2018;2018;G;VIA4;65;0.39
BdareG_019;BdareG;8-5-2018;2018;G;VIA4;72;0.42
BdareG_020;BdareG;8-5-2018;2018;G;VII;64;0.27
BdareG_021;BdareG;8-5-2018;2018;G;VIA4;69;0.4
BdareG_022;BdareG;8-5-2018;2018;G;VII;68;0.37
BdareG_023;BdareG;8-5-2018;2018;G;VIA4;60;0.26
BdareG_024;BdareG;8-5-2018;2018;G;VIB;64;0.24
BdareG_025;BdareG;8-5-2018;2018;G;VII;69;0.38
BdareG_026;BdareG;8-5-2018;2018;G;VII;66;0.32
BdareG_027;BdareG;8-5-2018;2018;G;VII;66;0.34
BdareG_028;BdareG;8-5-2018;2018;G;VII;73;0.46
BdareG_029;BdareG;8-5-2018;2018;G;VIB;71;0.37
BdareG_030;BdareG;8-5-2018;2018;G;VII;71;0.37
BdareG_031;BdareG;8-5-2018;2018;G;VII;71;0.36
BdareG_032;BdareG;8-5-2018;2018;G;VIA4;71;0.4
BdareG_033;BdareG;8-5-2018;2018;G;VIB;66;0.36
BdareG_034;BdareG;8-5-2018;2018;G;VIB;70;0.36
BdareG_035;BdareG;8-5-2018;2018;G;VII;71;0.26
BoyneGY_001;BoyneGY;9-2-2023;2023;G;;68;
BoyneGY_002;BoyneGY;16-2-2023;2023;G;;71;
BoyneGY_003;BoyneGY;24-2-2023;2023;G;;65;
BoyneGY_004;BoyneGY;3-3-2023;2023;G;;62;
BoyneGY_005;BoyneGY;3-3-2023;2023;G;;67;
BoyneGY_006;BoyneGY;10-3-2023;2023;G;;65;
BoyneGY_007;BoyneGY;10-3-2023;2023;G;;67;
BoyneGY_008;BoyneGY;16-3-2023;2023;G;;68;0.41
BoyneGY_009;BoyneGY;16-3-2023;2023;G;;71;0.415
BoyneGY_010;BoyneGY;24-3-2023;2023;G;;72;0.437
BoyneGY_011;BoyneGY;24-3-2023;2023;G;;72;0.365
BoyneGY_012;BoyneGY;24-3-2023;2023;G;;65;0.326
BoyneGY_013;BoyneGY;24-3-2023;2023;G;;71;0.386
BoyneGY_014;BoyneGY;24-3-2023;2023;G;;67;0.384
BoyneGY_015;BoyneGY;24-3-2023;2023;G;;72;0.563
BoyneGY_016;BoyneGY;24-3-2023;2023;G;;65;0.389
BoyneGY_017;BoyneGY;24-3-2023;2023;G;;71;0.538
BoyneGY_018;BoyneGY;24-3-2023;2023;G;;71;0.372
BoyneGY_019;BoyneGY;24-3-2023;2023;G;;68;0.387
BoyneGY_020;BoyneGY;24-3-2023;2023;G;;64;0.261
BoyneGY_021;BoyneGY;24-3-2023;2023;G;;76;0.486
BoyneGY_022;BoyneGY;29-3-2023;2023;G;;72;0.416
BoyneGY_023;BoyneGY;29-3-2023;2023;G;;74;0.337
BoyneGY_024;BoyneGY;29-3-2023;2023;G;;71;0.344
BoyneGY_025;BoyneGY;29-3-2023;2023;G;;64;0.332
BoyneGY_026;BoyneGY;29-3-2023;2023;G;;70;0.446
BoyneGY_027;BoyneGY;29-3-2023;2023;G;;66;0.47
BoyneGY_028;BoyneGY;29-3-2023;2023;G;;72;0.528
BoyneGY_029;BoyneGY;29-3-2023;2023;G;;65;0.488
BoyneGY_030;BoyneGY;29-3-2023;2023;G;;64;0.553
BoyneGY_031;BoyneGY;29-3-2023;2023;G;;68;0.59
BoyneGY_032;BoyneGY;14-4-2023;2023;G;;75;0.335
BoyneGY_033;BoyneGY;14-4-2023;2023;G;;72;0.297
BoyneGY_034;BoyneGY;14-4-2023;2023;G;;69;0.354
BoyneGY_035;BoyneGY;14-4-2023;2023;G;;70;0.296
BoyneGY_036;BoyneGY;14-4-2023;2023;G;;68;0.284
BoyneGY_037;BoyneGY;14-4-2023;2023;G;;68;0.313
BoyneGY_038;BoyneGY;14-4-2023;2023;G;;66;0.311
BoyneGY_039;BoyneGY;14-4-2023;2023;G;;68;0.382
BoyneGY_040;BoyneGY;14-4-2023;2023;G;;72;0.428
BoyneGY_041;BoyneGY;14-4-2023;2023;G;;64;0.234
BoyneGY_042;BoyneGY;21-4-2023;2023;G;;68;0.332
BoyneGY_043;BoyneGY;21-4-2023;2023;G;;69;0.233
BoyneGY_044;BoyneGY;21-4-2023;2023;G;;64;0.258
BoyneGY_045;BoyneGY;21-4-2023;2023;G;;72;0.256
BoyneGY_046;BoyneGY;21-4-2023;2023;G;;62;0.2
BoyneGY_047;BoyneGY;21-4-2023;2023;G;;70;0.292
BoyneGY_048;BoyneGY;21-4-2023;2023;G;;69;0.318
BoyneGY_049;BoyneGY;21-4-2023;2023;G;;71;0.357
BoyneGY_050;BoyneGY;21-4-2023;2023;G;;69;0.538
BoyneGY_051;BoyneGY;21-4-2023;2023;G;;72;0.6
BoyneGY_052;BoyneGY;21-4-2023;2023;G;;71;0.312
BoyneGY_053;BoyneGY;5-5-2023;2023;G;;65;0.265
BoyneGY_054;BoyneGY;5-5-2023;2023;G;;68;0.37
BoyneGY_055;BoyneGY;5-5-2023;2023;G;;64;0.192
BoyneGY_056;BoyneGY;5-5-2023;2023;G;;72;0.335
BoyneGY_057;BoyneGY;5-5-2023;2023;G;;74;0.43
BoyneGY_058;BoyneGY;5-5-2023;2023;G;;68;0.268
BoyneGY_059;BoyneGY;5-5-2023;2023;G;;71;0.267
BoyneGY_060;BoyneGY;5-5-2023;2023;G;;70;0.332
BoyneGY_061;BoyneGY;5-5-2023;2023;G;;65;0.264
BoyneGY_062;BoyneGY;5-5-2023;2023;G;;68;0.234
BoyneGY_063;BoyneGY;12-5-2023;2023;G;;75;0.515
BoyneGY_064;BoyneGY;12-5-2023;2023;G;;72;0.376
BoyneGY_065;BoyneGY;12-5-2023;2023;G;;64;0.155
BoyneGY_066;BoyneGY;12-5-2023;2023;G;;70;0.465
BoyneGY_067;BoyneGY;12-5-2023;2023;G;;71;0.43
BoyneGY_068;BoyneGY;12-5-2023;2023;G;;68;0.323
BoyneGY_069;BoyneGY;12-5-2023;2023;G;;72;0.268
BoyneGY_070;BoyneGY;12-5-2023;2023;G;;70;0.242
BoyneGY_071;BoyneGY;12-5-2023;2023;G;;76;0.483
BoyneGY_072;BoyneGY;12-5-2023;2023;G;;68;0.234
BoyneGY_073;BoyneGY;12-5-2023;2023;G;;71;0.283
BoyneGY_074;BoyneGY;19-5-2023;2023;G;;74;0.368
BoyneGY_075;BoyneGY;19-5-2023;2023;G;;68;0.249
BoyneGY_076;BoyneGY;19-5-2023;2023;G;;64;0.363
BoyneGY_077;BoyneGY;19-5-2023;2023;G;;75;0.358
BoyneGY_078;BoyneGY;19-5-2023;2023;G;;68;0.389
BoyneGY_079;BoyneGY;19-5-2023;2023;G;;68;0.268
BoyneGY_080;BoyneGY;19-5-2023;2023;G;;70;0.296
BoyneGY_081;BoyneGY;19-5-2023;2023;G;;74;0.376
BoyneGY_082;BoyneGY;19-5-2023;2023;G;;68;0.376
BoyneGY_083;BoyneGY;19-5-2023;2023;G;;71;0.362
BoyneGY_084;BoyneGY;26-5-2023;2023;G;;75;0.359
BoyneGY_085;BoyneGY;26-5-2023;2023;G;;68;0.152
BoyneGY_086;BoyneGY;26-5-2023;2023;G;;66;0.24
BoyneGY_087;BoyneGY;26-5-2023;2023;G;;64;0.191
BoyneGY_088;BoyneGY;26-5-2023;2023;G;;65;0.314
BoyneGY_089;BoyneGY;26-5-2023;2023;G;;64;0.224
BoyneGY_090;BoyneGY;26-5-2023;2023;G;;71;0.412
BoyneGY_091;BoyneGY;26-5-2023;2023;G;;68;0.282
BoyneGY_092;BoyneGY;26-5-2023;2023;G;;70;0.353
BoyneGY_093;BoyneGY;26-5-2023;2023;G;;67;0.318
BoyneGY_094;BoyneGY;9-6-2023;2023;G;;67;0.278
BoyneGY_095;BoyneGY;9-6-2023;2023;G;;71;0.352
BoyneGY_096;BoyneGY;9-6-2023;2023;G;;78;0.632
BoyneGY_097;BoyneGY;9-6-2023;2023;G;;74;0.612
BoyneGY_098;BoyneGY;26-1-2024;2024;G;;71;0.448
BoyneGY_099;BoyneGY;16-2-2024;2024;G;;71;0.384
BoyneGY_100;BoyneGY;16-2-2024;2024;G;;68;0.386
BoyneGY_101;BoyneGY;16-2-2024;2024;G;;72;0.354
BoyneGY_102;BoyneGY;16-2-2024;2024;G;;74;0.516
BoyneGY_103;BoyneGY;16-2-2024;2024;G;;75;0.527
BoyneGY_104;BoyneGY;16-2-2024;2024;G;;67;0.256
BoyneGY_105;BoyneGY;16-2-2024;2024;G;;70;0.396
BoyneGY_106;BoyneGY;16-2-2024;2024;G;;74;0.4
BoyneGY_107;BoyneGY;23-2-2024;2024;G;;67;0.305
BoyneGY_108;BoyneGY;23-2-2024;2024;G;;68;0.375
BoyneGY_109;BoyneGY;23-2-2024;2024;G;;61;0.295
BoyneGY_110;BoyneGY;23-2-2024;2024;G;;76;0.465
BoyneGY_111;BoyneGY;1-3-2024;2024;G;;72;0.451
BoyneGY_112;BoyneGY;1-3-2024;2024;G;;68;0.4
BoyneGY_113;BoyneGY;1-3-2024;2024;G;;71;0.389
BoyneGY_114;BoyneGY;1-3-2024;2024;G;;74;0.479
BoyneGY_115;BoyneGY;1-3-2024;2024;G;;76;0.468
BoyneGY_116;BoyneGY;1-3-2024;2024;G;;73;0.515
BoyneGY_117;BoyneGY;1-3-2024;2024;G;;69;0.482
BoyneGY_118;BoyneGY;1-3-2024;2024;G;;73;0.305
BoyneGY_119;BoyneGY;1-3-2024;2024;G;;79;0.368
BoyneGY_120;BoyneGY;1-3-2024;2024;G;;64;0.52
BoyneGY_121;BoyneGY;8-3-2024;2024;G;;73;0.359
BoyneGY_122;BoyneGY;8-3-2024;2024;G;;76;0.334
BoyneGY_123;BoyneGY;8-3-2024;2024;G;;74;0.313
BoyneGY_124;BoyneGY;8-3-2024;2024;G;;65;0.296
BoyneGY_125;BoyneGY;8-3-2024;2024;G;;71;0.368
BoyneGY_126;BoyneGY;15-3-2024;2024;G;;68;0.326
BoyneGY_127;BoyneGY;15-3-2024;2024;G;;71;0.356
BoyneGY_128;BoyneGY;15-3-2024;2024;G;;72;0.362
BoyneGY_129;BoyneGY;15-3-2024;2024;G;;69;0.3
BoyneGY_130;BoyneGY;15-3-2024;2024;G;;69;0.296
BoyneGY_131;BoyneGY;15-3-2024;2024;G;;73;0.328
BoyneGY_132;BoyneGY;15-3-2024;2024;G;;67;0.358
BoyneGY_133;BoyneGY;15-3-2024;2024;G;;65;0.226
BoyneGY_134;BoyneGY;15-3-2024;2024;G;;67;0.235
BoyneGY_135;BoyneGY;15-3-2024;2024;G;;72;0.485
BoyneGY_136;BoyneGY;15-3-2024;2024;G;;74;0.533
BoyneGY_137;BoyneGY;15-3-2024;2024;G;;63;0.375
BoyneGY_138;BoyneGY;3-5-2024;2024;G;;75;0.365
BoyneGY_139;BoyneGY;3-5-2024;2024;G;;65;0.272
BoyneGY_140;BoyneGY;3-5-2024;2024;G;;68;0.278
BoyneGY_141;BoyneGY;3-5-2024;2024;G;;72;0.292
BoyneGY_142;BoyneGY;3-5-2024;2024;G;;70;0.316
BoyneGY_143;BoyneGY;3-5-2024;2024;G;;78;0.385
BoyneGY_144;BoyneGY;3-5-2024;2024;G;;76;0.392
BoyneGY_145;BoyneGY;3-5-2024;2024;G;;74;0.253
BoyneGY_146;BoyneGY;3-5-2024;2024;G;;70;0.309
BoyneGY_147;BoyneGY;3-5-2024;2024;G;;68;0.324
BoyneGY_148;BoyneGY;10-5-2024;2024;G;;75;0.338
BoyneGY_149;BoyneGY;10-5-2024;2024;G;;65;0.3
BoyneGY_150;BoyneGY;10-5-2024;2024;G;;70;0.295
BoyneGY_151;BoyneGY;10-5-2024;2024;G;;65;0.435
BoyneGY_152;BoyneGY;10-5-2024;2024;G;;69;0.381
BoyneGY_153;BoyneGY;10-5-2024;2024;G;;71;0.315
BoyneGY_154;BoyneGY;4-2-2025;2025;G;;72;0.424
BoyneGY_155;BoyneGY;25-2-2025;2025;G;;68;0.291
BoyneGY_156;BoyneGY;4-3-2025;2025;G;;90;0.316
BoyneGY_157;BoyneGY;4-3-2025;2025;G;;70;0.455
BoyneGY_158;BoyneGY;4-3-2025;2025;G;;65;
BoyneGY_159;BoyneGY;4-3-2025;2025;G;;70;0.474
BoyneGY_160;BoyneGY;4-3-2025;2025;G;;65;0.364
BoyneGY_161;BoyneGY;4-3-2025;2025;G;;80;0.332
BoyneGY_162;BoyneGY;4-3-2025;2025;G;;58;0.284
BoyneGY_163;BoyneGY;4-3-2025;2025;G;;71;0.346
BoyneGY_164;BoyneGY;4-3-2025;2025;G;;80;0.571
BoyneGY_165;BoyneGY;11-3-2025;2025;G;;60;0.295
BoyneGY_166;BoyneGY;11-3-2025;2025;G;;65;0.346
BoyneGY_167;BoyneGY;11-3-2025;2025;G;;65;0.3
BoyneGY_168;BoyneGY;11-3-2025;2025;G;;70;0.377
BoyneGY_169;BoyneGY;11-3-2025;2025;G;;62;0.363
BoyneGY_170;BoyneGY;11-3-2025;2025;G;;68;0.311
BoyneGY_171;BoyneGY;11-3-2025;2025;G;;62;0.256
BoyneGY_172;BoyneGY;11-3-2025;2025;G;;71;0.43
BoyneGY_173;BoyneGY;11-3-2025;2025;G;;76;0.375
BoyneGY_174;BoyneGY;11-3-2025;2025;G;;69;0.308
BoyneGY_175;BoyneGY;11-3-2025;2025;G;;78;0.36
BoyneGY_176;BoyneGY;11-3-2025;2025;G;;72;0.363
BoyneGY_177;BoyneGY;11-3-2025;2025;G;;69;0.355
BoyneGY_178;BoyneGY;11-3-2025;2025;G;;65;0.405
BoyneGY_179;BoyneGY;11-3-2025;2025;G;;67;0.355
BoyneGY_180;BoyneGY;11-3-2025;2025;G;;70;0.374
BoyneGY_181;BoyneGY;11-3-2025;2025;G;;62;0.33
BoyneGY_182;BoyneGY;11-3-2025;2025;G;;70;0.345
BoyneGY_183;BoyneGY;11-3-2025;2025;G;;71;0.225
BoyneGY_184;BoyneGY;11-3-2025;2025;G;;62;0.425
BoyneGY_185;BoyneGY;11-3-2025;2025;G;;66;0.265
BoyneGY_186;BoyneGY;11-3-2025;2025;G;;70;0.305
BoyneGY_187;BoyneGY;11-3-2025;2025;G;;72;0.465
BoyneGY_188;BoyneGY;19-3-2025;2025;G;;60;0.365
BoyneGY_189;BoyneGY;19-3-2025;2025;G;;80;0.46
BoyneGY_190;BoyneGY;19-3-2025;2025;G;;72;0.449
BoyneGY_191;BoyneGY;19-3-2025;2025;G;;75;0.415
BoyneGY_192;BoyneGY;19-3-2025;2025;G;;78;0.47
BoyneGY_193;BoyneGY;19-3-2025;2025;G;;68;0.335
BoyneGY_194;BoyneGY;19-3-2025;2025;G;;70;0.44
BoyneGY_195;BoyneGY;19-3-2025;2025;G;;70;0.232
BoyneGY_196;BoyneGY;19-3-2025;2025;G;;60;0.31
BoyneGY_197;BoyneGY;19-3-2025;2025;G;;60;0.36
BoyneGY_198;BoyneGY;19-3-2025;2025;G;;60;0.4
BoyneGY_199;BoyneGY;19-3-2025;2025;G;;58;0.37
BoyneGY_200;BoyneGY;19-3-2025;2025;G;;60;0.39
BoyneGY_201;BoyneGY;19-3-2025;2025;G;;59;0.39
BoyneGY_202;BoyneGY;19-3-2025;2025;G;;70;0.37
BoyneGY_203;BoyneGY;19-3-2025;2025;G;;62;0.445
BoyneGY_204;BoyneGY;19-3-2025;2025;G;;60;0.181
BoyneGY_205;BoyneGY;19-3-2025;2025;G;;60;0.341
BoyneGY_206;BoyneGY;19-3-2025;2025;G;;70;0.534
BoyneGY_207;BoyneGY;19-3-2025;2025;G;;60;0.419
BoyneGY_208;BoyneGY;19-3-2025;2025;G;;60;0.437
BoyneGY_209;BoyneGY;19-3-2025;2025;G;;70;0.48
BoyneGY_210;BoyneGY;19-3-2025;2025;G;;58;0.387
BoyneGY_211;BoyneGY;19-3-2025;2025;G;;70;0.387
BoyneGY_212;BoyneGY;25-3-2025;2025;G;;62;0.413
BoyneGY_213;BoyneGY;16-4-2025;2025;G;;60;
BoyneGY_214;BoyneGY;16-4-2025;2025;G;;65;
BoyneGY_215;BoyneGY;16-4-2025;2025;G;;70;
BoyneGY_216;BoyneGY;16-4-2025;2025;G;;75;
BoyneGY_217;BoyneGY;16-4-2025;2025;G;;62;
BoyneGY_218;BoyneGY;16-4-2025;2025;G;;60;
BoyneGY_219;BoyneGY;16-4-2025;2025;G;;58;
BoyneGY_220;BoyneGY;16-4-2025;2025;G;;59;
BoyneGY_221;BoyneGY;16-4-2025;2025;G;;58;
BoyneGY_222;BoyneGY;16-4-2025;2025;G;;60;
BoyneGY_223;BoyneGY;16-4-2025;2025;G;;65;
BoyneGY_224;BoyneGY;16-4-2025;2025;G;;62;
BoyneGY_225;BoyneGY;16-4-2025;2025;G;;59;
BoyneGY_226;BoyneGY;16-4-2025;2025;G;;68;
BoyneGY_227;BoyneGY;16-4-2025;2025;G;;60;
BoyneGY_228;BoyneGY;22-4-2025;2025;G;;70;
BoyneGY_229;BoyneGY;22-4-2025;2025;G;;65;
BoyneGY_230;BoyneGY;22-4-2025;2025;G;;75;
BoyneGY_231;BoyneGY;22-4-2025;2025;G;;76;
BoyneGY_232;BoyneGY;22-4-2025;2025;G;;65;
BoyneGY_233;BoyneGY;22-4-2025;2025;G;;69;
BoyneGY_234;BoyneGY;22-4-2025;2025;G;;80;
BoyneGY_235;BoyneGY;22-4-2025;2025;G;;70;
BoyneGY_236;BoyneGY;22-4-2025;2025;G;;65;
BoyneGY_237;BoyneGY;22-4-2025;2025;G;;66;
BoyneGY_238;BoyneGY;22-4-2025;2025;G;;70;
BoyneGY_239;BoyneGY;22-4-2025;2025;G;;73;
BoyneGY_240;BoyneGY;22-4-2025;2025;G;;78;
BoyneGY_241;BoyneGY;22-4-2025;2025;G;;67;
BoyneGY_242;BoyneGY;22-4-2025;2025;G;;71;
BoyneGY_243;BoyneGY;22-4-2025;2025;G;;74;
BoyneGY_244;BoyneGY;22-4-2025;2025;G;;80;
BoyneGY_245;BoyneGY;30-4-2025;2025;G;;95;1.037
BoyneGY_246;BoyneGY;30-4-2025;2025;G;;75;0.375
BoyneGY_247;BoyneGY;30-4-2025;2025;G;;69;0.284
BoyneGY_248;BoyneGY;30-4-2025;2025;G;;62;0.3
BoyneGY_249;BoyneGY;30-4-2025;2025;G;;60;0.274
BoyneGY_250;BoyneGY;30-4-2025;2025;G;;60;0.241
BoyneGY_251;BoyneGY;30-4-2025;2025;G;;65;0.29
BoyneGY_252;BoyneGY;30-4-2025;2025;G;;70;0.294
BoyneGY_253;BoyneGY;30-4-2025;2025;G;;70;0.356
BoyneGY_254;BoyneGY;30-4-2025;2025;G;;72;0.274
BoyneGY_255;BoyneGY;30-4-2025;2025;G;;75;0.3
BoyneGY_256;BoyneGY;30-4-2025;2025;G;;72;0.324
BoyneGY_257;BoyneGY;30-4-2025;2025;G;;70;0.348
BoyneGY_258;BoyneGY;30-4-2025;2025;G;;65;0.249
BoyneGY_259;BoyneGY;30-4-2025;2025;G;;70;0.359
BoyneGY_260;BoyneGY;30-4-2025;2025;G;;70;0.374
BoyneGY_261;BoyneGY;6-5-2025;2025;G;;76;0.724
BoyneGY_262;BoyneGY;6-5-2025;2025;G;;69;0.669
BoyneGY_263;BoyneGY;6-5-2025;2025;G;;65;0.378
BoyneGY_264;BoyneGY;6-5-2025;2025;G;;70;0.18
BoyneGY_265;BoyneGY;6-5-2025;2025;G;;65;0.495
BoyneGY_266;BoyneGY;6-5-2025;2025;G;;70;0.269
BoyneGY_267;BoyneGY;6-5-2025;2025;G;;69;0.38
BoyneGY_268;BoyneGY;6-5-2025;2025;G;;62;0.233
BoyneGY_269;BoyneGY;6-5-2025;2025;G;;72;0.391
BoyneGY_270;BoyneGY;6-5-2025;2025;G;;60;0.271
BoyneGY_271;BoyneGY;6-5-2025;2025;G;;61;0.28
BoyneGY_272;BoyneGY;6-5-2025;2025;G;;76;0.24
BoyneGY_273;BoyneGY;6-5-2025;2025;G;;62;0.351
BoyneGY_274;BoyneGY;6-5-2025;2025;G;;64;0.491
BoyneGY_275;BoyneGY;6-5-2025;2025;G;;60;0.385
BoyneGY_276;BoyneGY;14-5-2025;2025;G;;60;0.359
BoyneGY_277;BoyneGY;27-5-2025;2025;G;;70;0.381
